-- --------------------------------------------------------
-- 主机:                           127.0.0.1
-- 服务器版本:                        5.7.26 - MySQL Community Server (GPL)
-- 服务器操作系统:                      Win64
-- HeidiSQL 版本:                  11.0.0.5919
-- --------------------------------------------------------

/*!40101 SET @OLD_CHARACTER_SET_CLIENT=@@CHARACTER_SET_CLIENT */;
/*!40101 SET NAMES utf8 */;
/*!50503 SET NAMES utf8mb4 */;
/*!40014 SET @OLD_FOREIGN_KEY_CHECKS=@@FOREIGN_KEY_CHECKS, FOREIGN_KEY_CHECKS=0 */;
/*!40101 SET @OLD_SQL_MODE=@@SQL_MODE, SQL_MODE='NO_AUTO_VALUE_ON_ZERO' */;

-- 导出  视图 gva.authority_menu 结构
-- 创建临时表以解决视图依赖性错误
CREATE TABLE `authority_menu` (
	`id` BIGINT(20) UNSIGNED NOT NULL,
	`created_at` DATETIME NULL,
	`updated_at` DATETIME NULL,
	`deleted_at` DATETIME NULL,
	`menu_level` BIGINT(20) UNSIGNED NULL,
	`parent_id` VARCHAR(191) NULL COMMENT '父菜单ID' COLLATE 'utf8mb4_general_ci',
	`path` VARCHAR(191) NULL COMMENT '路由path' COLLATE 'utf8mb4_general_ci',
	`name` VARCHAR(191) NULL COMMENT '路由name' COLLATE 'utf8mb4_general_ci',
	`hidden` TINYINT(1) NULL COMMENT '是否在列表隐藏',
	`component` VARCHAR(191) NULL COMMENT '对应前端文件路径' COLLATE 'utf8mb4_general_ci',
	`title` VARCHAR(191) NULL COMMENT '附加属性' COLLATE 'utf8mb4_general_ci',
	`icon` VARCHAR(191) NULL COMMENT '附加属性' COLLATE 'utf8mb4_general_ci',
	`sort` BIGINT(20) NULL COMMENT '排序标记',
	`authority_id` VARCHAR(90) NOT NULL COMMENT '角色ID' COLLATE 'utf8mb4_general_ci',
	`menu_id` BIGINT(20) UNSIGNED NOT NULL,
	`keep_alive` TINYINT(1) NULL COMMENT '附加属性',
	`default_menu` TINYINT(1) NULL COMMENT '附加属性'
) ENGINE=MyISAM;

-- 导出  表 gva.casbin_rule 结构
CREATE TABLE IF NOT EXISTS `casbin_rule` (
  `p_type` varchar(100) DEFAULT NULL,
  `v0` varchar(100) DEFAULT NULL,
  `v1` varchar(100) DEFAULT NULL,
  `v2` varchar(100) DEFAULT NULL,
  `v3` varchar(100) DEFAULT NULL,
  `v4` varchar(100) DEFAULT NULL,
  `v5` varchar(100) DEFAULT NULL
) ENGINE=MyISAM DEFAULT CHARSET=utf8mb4;

-- 正在导出表  gva.casbin_rule 的数据：130 rows
DELETE FROM `casbin_rule`;
/*!40000 ALTER TABLE `casbin_rule` DISABLE KEYS */;
INSERT INTO `casbin_rule` (`p_type`, `v0`, `v1`, `v2`, `v3`, `v4`, `v5`) VALUES
	('p', '888', '/excel/import', 'POST', '', '', ''),
	('p', '888', '/dbTableData/data', 'GET', '', '', ''),
	('p', '888', '/demoApp/findDemoApp', 'GET', '', '', ''),
	('p', '888', '/demoApp/getDemoAppList', 'GET', '', '', ''),
	('p', '888', '/demoApp/updateDemoApp', 'PUT', '', '', ''),
	('p', '888', '/demoApp/deleteDemoAppByIds', 'DELETE', '', '', ''),
	('p', '888', '/demoApp/deleteDemoApp', 'DELETE', '', '', ''),
	('p', '888', '/demoApp/createDemoApp', 'POST', '', '', ''),
	('p', '888', '/demoCodeGeneration/getDemoCodeGenerationList', 'GET', '', '', ''),
	('p', '888', '/demoCodeGeneration/findDemoCodeGeneration', 'GET', '', '', ''),
	('p', '888', '/demoCodeGeneration/updateDemoCodeGeneration', 'PUT', '', '', ''),
	('p', '888', '/demoCodeGeneration/deleteDemoCodeGenerationByIds', 'DELETE', '', '', ''),
	('p', '888', '/demoCodeGeneration/deleteDemoCodeGeneration', 'DELETE', '', '', ''),
	('p', '888', '/demoCodeGeneration/createDemoCodeGeneration', 'POST', '', '', ''),
	('p', '888', '/workflowProcess/completeWorkflowMove', 'POST', '', '', ''),
	('p', '888', '/workflowProcess/getMyNeed', 'GET', '', '', ''),
	('p', '888', '/workflowProcess/getWorkflowMoveByID', 'GET', '', '', ''),
	('p', '888', '/workflowProcess/getMyStated', 'GET', '', '', ''),
	('p', '888', '/workflowProcess/startWorkflow', 'POST', '', '', ''),
	('p', '888', '/workflowProcess/findWorkflowProcess', 'GET', '', '', ''),
	('p', '888', '/workflowProcess/getWorkflowProcessList', 'GET', '', '', ''),
	('p', '888', '/workflowProcess/findWorkflowStep', 'GET', '', '', ''),
	('p', '888', '/workflowProcess/updateWorkflowProcess', 'PUT', '', '', ''),
	('p', '888', '/workflowProcess/deleteWorkflowProcessByIds', 'DELETE', '', '', ''),
	('p', '888', '/workflowProcess/deleteWorkflowProcess', 'DELETE', '', '', ''),
	('p', '888', '/sysOperationRecord/getSysOperationRecordList', 'GET', '', '', ''),
	('p', '888', '/sysOperationRecord/deleteSysOperationRecordByIds', 'DELETE', '', '', ''),
	('p', '888', '/simpleUploader/upload', 'POST', '', '', ''),
	('p', '888', '/simpleUploader/checkFileMd5', 'GET', '', '', ''),
	('p', '888', '/simpleUploader/mergeFileMd5', 'GET', '', '', ''),
	('p', '888', '/email/emailTest', 'POST', '', '', ''),
	('p', '888', '/workflowProcess/createWorkflowProcess', 'POST', '', '', ''),
	('p', '888', '/sysOperationRecord/findSysOperationRecord', 'GET', '', '', ''),
	('p', '888', '/sysOperationRecord/deleteSysOperationRecord', 'DELETE', '', '', ''),
	('p', '888', '/sysOperationRecord/createSysOperationRecord', 'POST', '', '', ''),
	('p', '888', '/sysDictionary/deleteSysDictionary', 'DELETE', '', '', ''),
	('p', '888', '/sysDictionary/updateSysDictionary', 'PUT', '', '', ''),
	('p', '888', '/sysDictionary/findSysDictionary', 'GET', '', '', ''),
	('p', '888', '/sysDictionary/getSysDictionaryList', 'GET', '', '', ''),
	('p', '888', '/sysDictionary/createSysDictionary', 'POST', '', '', ''),
	('p', '888', '/sysDictionaryDetail/findSysDictionaryDetail', 'GET', '', '', ''),
	('p', '888', '/sysDictionaryDetail/getSysDictionaryDetailList', 'GET', '', '', ''),
	('p', '888', '/sysDictionaryDetail/updateSysDictionaryDetail', 'PUT', '', '', ''),
	('p', '888', '/sysDictionaryDetail/deleteSysDictionaryDetail', 'DELETE', '', '', ''),
	('p', '888', '/sysDictionaryDetail/createSysDictionaryDetail', 'POST', '', '', ''),
	('p', '888', '/autoCode/getColumn', 'GET', '', '', ''),
	('p', '888', '/autoCode/getDB', 'GET', '', '', ''),
	('p', '888', '/autoCode/getTables', 'GET', '', '', ''),
	('p', '888', '/autoCode/createTemp', 'POST', '', '', ''),
	('p', '888', '/customer/customerList', 'GET', '', '', ''),
	('p', '888', '/customer/customer', 'GET', '', '', ''),
	('p', '888', '/customer/customer', 'DELETE', '', '', ''),
	('p', '888', '/customer/customer', 'PUT', '', '', ''),
	('p', '888', '/system/getServerInfo', 'POST', '', '', ''),
	('p', '888', '/customer/customer', 'POST', '', '', ''),
	('p', '9528', '/base/login', 'POST', '', '', ''),
	('p', '9528', '/user/register', 'POST', '', '', ''),
	('p', '9528', '/api/createApi', 'POST', '', '', ''),
	('p', '9528', '/api/getApiList', 'POST', '', '', ''),
	('p', '9528', '/api/getApiById', 'POST', '', '', ''),
	('p', '9528', '/api/deleteApi', 'POST', '', '', ''),
	('p', '9528', '/api/updateApi', 'POST', '', '', ''),
	('p', '9528', '/api/getAllApis', 'POST', '', '', ''),
	('p', '9528', '/authority/createAuthority', 'POST', '', '', ''),
	('p', '9528', '/authority/deleteAuthority', 'POST', '', '', ''),
	('p', '9528', '/authority/getAuthorityList', 'POST', '', '', ''),
	('p', '9528', '/authority/setDataAuthority', 'POST', '', '', ''),
	('p', '9528', '/menu/getMenu', 'POST', '', '', ''),
	('p', '9528', '/menu/getMenuList', 'POST', '', '', ''),
	('p', '9528', '/menu/addBaseMenu', 'POST', '', '', ''),
	('p', '9528', '/menu/getBaseMenuTree', 'POST', '', '', ''),
	('p', '9528', '/menu/addMenuAuthority', 'POST', '', '', ''),
	('p', '9528', '/menu/getMenuAuthority', 'POST', '', '', ''),
	('p', '9528', '/menu/deleteBaseMenu', 'POST', '', '', ''),
	('p', '9528', '/menu/updateBaseMenu', 'POST', '', '', ''),
	('p', '9528', '/menu/getBaseMenuById', 'POST', '', '', ''),
	('p', '9528', '/user/changePassword', 'POST', '', '', ''),
	('p', '9528', '/user/getUserList', 'POST', '', '', ''),
	('p', '9528', '/user/setUserAuthority', 'POST', '', '', ''),
	('p', '9528', '/fileUploadAndDownload/upload', 'POST', '', '', ''),
	('p', '9528', '/fileUploadAndDownload/getFileList', 'POST', '', '', ''),
	('p', '9528', '/fileUploadAndDownload/deleteFile', 'POST', '', '', ''),
	('p', '9528', '/casbin/updateCasbin', 'POST', '', '', ''),
	('p', '9528', '/casbin/getPolicyPathByAuthorityId', 'POST', '', '', ''),
	('p', '9528', '/jwt/jsonInBlacklist', 'POST', '', '', ''),
	('p', '9528', '/system/getSystemConfig', 'POST', '', '', ''),
	('p', '9528', '/system/setSystemConfig', 'POST', '', '', ''),
	('p', '9528', '/customer/customer', 'POST', '', '', ''),
	('p', '9528', '/customer/customer', 'PUT', '', '', ''),
	('p', '9528', '/customer/customer', 'DELETE', '', '', ''),
	('p', '9528', '/customer/customer', 'GET', '', '', ''),
	('p', '9528', '/customer/customerList', 'GET', '', '', ''),
	('p', '9528', '/autoCode/createTemp', 'POST', '', '', ''),
	('p', '888', '/system/getSystemConfig', 'POST', '', '', ''),
	('p', '888', '/system/setSystemConfig', 'POST', '', '', ''),
	('p', '888', '/jwt/jsonInBlacklist', 'POST', '', '', ''),
	('p', '888', '/casbin/casbinTest/:pathParam', 'GET', '', '', ''),
	('p', '888', '/casbin/getPolicyPathByAuthorityId', 'POST', '', '', ''),
	('p', '888', '/casbin/updateCasbin', 'POST', '', '', ''),
	('p', '888', '/fileUploadAndDownload/deleteFile', 'POST', '', '', ''),
	('p', '888', '/fileUploadAndDownload/getFileList', 'POST', '', '', ''),
	('p', '888', '/fileUploadAndDownload/upload', 'POST', '', '', ''),
	('p', '888', '/menu/getBaseMenuById', 'POST', '', '', ''),
	('p', '888', '/menu/updateBaseMenu', 'POST', '', '', ''),
	('p', '888', '/menu/deleteBaseMenu', 'POST', '', '', ''),
	('p', '888', '/menu/getMenuAuthority', 'POST', '', '', ''),
	('p', '888', '/menu/addMenuAuthority', 'POST', '', '', ''),
	('p', '888', '/menu/getBaseMenuTree', 'POST', '', '', ''),
	('p', '888', '/menu/addBaseMenu', 'POST', '', '', ''),
	('p', '888', '/menu/getMenuList', 'POST', '', '', ''),
	('p', '888', '/menu/getMenu', 'POST', '', '', ''),
	('p', '888', '/authority/copyAuthority', 'POST', '', '', ''),
	('p', '888', '/authority/updateAuthority', 'PUT', '', '', ''),
	('p', '888', '/authority/setDataAuthority', 'POST', '', '', ''),
	('p', '888', '/authority/getAuthorityList', 'POST', '', '', ''),
	('p', '888', '/authority/deleteAuthority', 'POST', '', '', ''),
	('p', '888', '/authority/createAuthority', 'POST', '', '', ''),
	('p', '888', '/api/getAllApis', 'POST', '', '', ''),
	('p', '888', '/api/updateApi', 'POST', '', '', ''),
	('p', '888', '/api/deleteApi', 'POST', '', '', ''),
	('p', '888', '/api/getApiById', 'POST', '', '', ''),
	('p', '888', '/api/getApiList', 'POST', '', '', ''),
	('p', '888', '/api/createApi', 'POST', '', '', ''),
	('p', '888', '/user/setUserInfo', 'PUT', '', '', ''),
	('p', '888', '/user/deleteUser', 'DELETE', '', '', ''),
	('p', '888', '/user/setUserAuthority', 'POST', '', '', ''),
	('p', '888', '/user/getUserList', 'POST', '', '', ''),
	('p', '888', '/user/changePassword', 'POST', '', '', ''),
	('p', '888', '/user/register', 'POST', '', '', ''),
	('p', '888', '/base/login', 'POST', '', '', '');
/*!40000 ALTER TABLE `casbin_rule` ENABLE KEYS */;

-- 导出  表 gva.demo_app 结构
CREATE TABLE IF NOT EXISTS `demo_app` (
  `id` bigint(20) unsigned NOT NULL AUTO_INCREMENT,
  `created_at` datetime DEFAULT NULL,
  `updated_at` datetime DEFAULT NULL,
  `deleted_at` datetime DEFAULT NULL,
  `name` varchar(255) DEFAULT NULL COMMENT '名称',
  `value` smallint(6) DEFAULT NULL COMMENT '值',
  `time` datetime DEFAULT NULL COMMENT '时间',
  PRIMARY KEY (`id`),
  KEY `idx_demo_app_deleted_at` (`deleted_at`)
) ENGINE=MyISAM AUTO_INCREMENT=5 DEFAULT CHARSET=utf8mb4;

-- 正在导出表  gva.demo_app 的数据：4 rows
DELETE FROM `demo_app`;
/*!40000 ALTER TABLE `demo_app` DISABLE KEYS */;
INSERT INTO `demo_app` (`id`, `created_at`, `updated_at`, `deleted_at`, `name`, `value`, `time`) VALUES
	(1, '2020-12-12 13:42:17', NULL, NULL, 'a', 10, '2020-12-01 19:47:13'),
	(2, '2020-12-12 13:42:17', NULL, NULL, 'a', 20, '2020-12-02 19:47:14'),
	(3, '2020-12-12 15:09:03', '2020-12-12 15:09:03', NULL, 'b', 30, '2020-12-03 15:08:56'),
	(4, '2020-12-12 15:09:07', '2020-12-12 15:09:07', NULL, 'b', 40, '2020-12-04 11:09:03');
/*!40000 ALTER TABLE `demo_app` ENABLE KEYS */;

-- 导出  表 gva.demo_code_generation 结构
CREATE TABLE IF NOT EXISTS `demo_code_generation` (
  `id` bigint(20) unsigned NOT NULL AUTO_INCREMENT,
  `created_at` datetime DEFAULT NULL,
  `updated_at` datetime DEFAULT NULL,
  `deleted_at` datetime DEFAULT NULL,
  `name` varchar(255) DEFAULT NULL COMMENT '名称',
  `value` smallint(6) DEFAULT NULL COMMENT '数值',
  PRIMARY KEY (`id`),
  KEY `idx_demo_code_generation_deleted_at` (`deleted_at`)
) ENGINE=MyISAM AUTO_INCREMENT=1002 DEFAULT CHARSET=utf8mb4;

-- 正在导出表  gva.demo_code_generation 的数据：1,001 rows
DELETE FROM `demo_code_generation`;
/*!40000 ALTER TABLE `demo_code_generation` DISABLE KEYS */;
INSERT INTO `demo_code_generation` (`id`, `created_at`, `updated_at`, `deleted_at`, `name`, `value`) VALUES
	(1, '2020-12-04 21:34:38', '2020-12-04 21:35:33', NULL, 'a', 1),
	(2, '2020-12-04 21:34:45', '2020-12-04 21:34:45', NULL, 'a', 2),
	(3, '2020-12-04 21:57:23', '2020-12-04 21:57:23', NULL, 'b', 0),
	(4, '2020-12-04 21:57:28', '2020-12-04 21:57:28', NULL, 'b', 1),
	(5, '2020-12-04 22:31:33', '2020-12-04 22:31:33', NULL, 'c', 0),
	(6, '2020-12-04 23:10:36', '2020-12-04 23:10:36', NULL, '', 1),
	(7, '2020-12-04 23:40:14', '2020-12-04 23:40:14', NULL, '', 0),
	(8, '2020-12-05 11:45:43', '2020-12-05 11:45:43', NULL, 'zgz', 123),
	(9, '2020-12-05 11:45:43', '2020-12-05 11:45:43', NULL, 'zgz', 123),
	(10, '2020-12-05 11:45:43', '2020-12-05 11:45:43', NULL, 'zgz', 123),
	(11, '2020-12-05 11:45:43', '2020-12-05 11:45:43', NULL, 'zgz', 123),
	(12, '2020-12-05 11:45:43', '2020-12-05 11:45:43', NULL, 'zgz', 123),
	(13, '2020-12-05 11:45:43', '2020-12-05 11:45:43', NULL, 'zgz', 123),
	(14, '2020-12-05 11:45:43', '2020-12-05 11:45:43', NULL, 'zgz', 123),
	(15, '2020-12-05 11:45:43', '2020-12-05 11:45:43', NULL, 'zgz', 123),
	(16, '2020-12-05 11:45:43', '2020-12-05 11:45:43', NULL, 'zgz', 123),
	(17, '2020-12-05 11:45:43', '2020-12-05 11:45:43', NULL, 'zgz', 123),
	(18, '2020-12-05 11:45:43', '2020-12-05 11:45:43', NULL, 'zgz', 123),
	(19, '2020-12-05 11:45:43', '2020-12-05 11:45:43', NULL, 'zgz', 123),
	(20, '2020-12-05 11:45:43', '2020-12-05 11:45:43', NULL, 'zgz', 123),
	(21, '2020-12-05 11:45:43', '2020-12-05 11:45:43', NULL, 'zgz', 123),
	(22, '2020-12-05 11:45:43', '2020-12-05 11:45:43', NULL, 'zgz', 123),
	(23, '2020-12-05 11:45:43', '2020-12-05 11:45:43', NULL, 'zgz', 123),
	(24, '2020-12-05 11:45:43', '2020-12-05 11:45:43', NULL, 'zgz', 123),
	(25, '2020-12-05 11:45:43', '2020-12-05 11:45:43', NULL, 'zgz', 123),
	(26, '2020-12-05 11:45:43', '2020-12-05 11:45:43', NULL, 'zgz', 123),
	(27, '2020-12-05 11:45:43', '2020-12-05 11:45:43', NULL, 'zgz', 123),
	(28, '2020-12-05 11:45:43', '2020-12-05 11:45:43', NULL, 'zgz', 123),
	(29, '2020-12-05 11:45:43', '2020-12-05 11:45:43', NULL, 'zgz', 123),
	(30, '2020-12-05 11:45:43', '2020-12-05 11:45:43', NULL, 'zgz', 123),
	(31, '2020-12-05 11:45:43', '2020-12-05 11:45:43', NULL, 'zgz', 123),
	(32, '2020-12-05 11:45:43', '2020-12-05 11:45:43', NULL, 'zgz', 123),
	(33, '2020-12-05 11:45:43', '2020-12-05 11:45:43', NULL, 'zgz', 123),
	(34, '2020-12-05 11:45:43', '2020-12-05 11:45:43', NULL, 'zgz', 123),
	(35, '2020-12-05 11:45:43', '2020-12-05 11:45:43', NULL, 'zgz', 123),
	(36, '2020-12-05 11:45:43', '2020-12-05 11:45:43', NULL, 'zgz', 123),
	(37, '2020-12-05 11:45:43', '2020-12-05 11:45:43', NULL, 'zgz', 123),
	(38, '2020-12-05 11:45:43', '2020-12-05 11:45:43', NULL, 'zgz', 123),
	(39, '2020-12-05 11:45:43', '2020-12-05 11:45:43', NULL, 'zgz', 123),
	(40, '2020-12-05 11:45:43', '2020-12-05 11:45:43', NULL, 'zgz', 123),
	(41, '2020-12-05 11:45:43', '2020-12-05 11:45:43', NULL, 'zgz', 123),
	(42, '2020-12-05 11:45:43', '2020-12-05 11:45:43', NULL, 'zgz', 123),
	(43, '2020-12-05 11:45:43', '2020-12-05 11:45:43', NULL, 'zgz', 123),
	(44, '2020-12-05 11:45:43', '2020-12-05 11:45:43', NULL, 'zgz', 123),
	(45, '2020-12-05 11:45:43', '2020-12-05 11:45:43', NULL, 'zgz', 123),
	(46, '2020-12-05 11:45:43', '2020-12-05 11:45:43', NULL, 'zgz', 123),
	(47, '2020-12-05 11:45:43', '2020-12-05 11:45:43', NULL, 'zgz', 123),
	(48, '2020-12-05 11:45:43', '2020-12-05 11:45:43', NULL, 'zgz', 123),
	(49, '2020-12-05 11:45:43', '2020-12-05 11:45:43', NULL, 'zgz', 123),
	(50, '2020-12-05 11:45:43', '2020-12-05 11:45:43', NULL, 'zgz', 123),
	(51, '2020-12-05 11:45:43', '2020-12-05 11:45:43', NULL, 'zgz', 123),
	(52, '2020-12-05 11:45:43', '2020-12-05 11:45:43', NULL, 'zgz', 123),
	(53, '2020-12-05 11:45:43', '2020-12-05 11:45:43', NULL, 'zgz', 123),
	(54, '2020-12-05 11:45:43', '2020-12-05 11:45:43', NULL, 'zgz', 123),
	(55, '2020-12-05 11:45:43', '2020-12-05 11:45:43', NULL, 'zgz', 123),
	(56, '2020-12-05 11:45:43', '2020-12-05 11:45:43', NULL, 'zgz', 123),
	(57, '2020-12-05 11:45:43', '2020-12-05 11:45:43', NULL, 'zgz', 123),
	(58, '2020-12-05 11:45:43', '2020-12-05 11:45:43', NULL, 'zgz', 123),
	(59, '2020-12-05 11:45:43', '2020-12-05 11:45:43', NULL, 'zgz', 123),
	(60, '2020-12-05 11:45:43', '2020-12-05 11:45:43', NULL, 'zgz', 123),
	(61, '2020-12-05 11:45:43', '2020-12-05 11:45:43', NULL, 'zgz', 123),
	(62, '2020-12-05 11:45:43', '2020-12-05 11:45:43', NULL, 'zgz', 123),
	(63, '2020-12-05 11:45:43', '2020-12-05 11:45:43', NULL, 'zgz', 123),
	(64, '2020-12-05 11:45:43', '2020-12-05 11:45:43', NULL, 'zgz', 123),
	(65, '2020-12-05 11:45:43', '2020-12-05 11:45:43', NULL, 'zgz', 123),
	(66, '2020-12-05 11:45:43', '2020-12-05 11:45:43', NULL, 'zgz', 123),
	(67, '2020-12-05 11:45:43', '2020-12-05 11:45:43', NULL, 'zgz', 123),
	(68, '2020-12-05 11:45:43', '2020-12-05 11:45:43', NULL, 'zgz', 123),
	(69, '2020-12-05 11:45:43', '2020-12-05 11:45:43', NULL, 'zgz', 123),
	(70, '2020-12-05 11:45:43', '2020-12-05 11:45:43', NULL, 'zgz', 123),
	(71, '2020-12-05 11:45:43', '2020-12-05 11:45:43', NULL, 'zgz', 123),
	(72, '2020-12-05 11:45:43', '2020-12-05 11:45:43', NULL, 'zgz', 123),
	(73, '2020-12-05 11:45:43', '2020-12-05 11:45:43', NULL, 'zgz', 123),
	(74, '2020-12-05 11:45:43', '2020-12-05 11:45:43', NULL, 'zgz', 123),
	(75, '2020-12-05 11:45:43', '2020-12-05 11:45:43', NULL, 'zgz', 123),
	(76, '2020-12-05 11:45:43', '2020-12-05 11:45:43', NULL, 'zgz', 123),
	(77, '2020-12-05 11:45:43', '2020-12-05 11:45:43', NULL, 'zgz', 123),
	(78, '2020-12-05 11:45:43', '2020-12-05 11:45:43', NULL, 'zgz', 123),
	(79, '2020-12-05 11:45:43', '2020-12-05 11:45:43', NULL, 'zgz', 123),
	(80, '2020-12-05 11:45:43', '2020-12-05 11:45:43', NULL, 'zgz', 123),
	(81, '2020-12-05 11:45:43', '2020-12-05 11:45:43', NULL, 'zgz', 123),
	(82, '2020-12-05 11:45:43', '2020-12-05 11:45:43', NULL, 'zgz', 123),
	(83, '2020-12-05 11:45:43', '2020-12-05 11:45:43', NULL, 'zgz', 123),
	(84, '2020-12-05 11:45:43', '2020-12-05 11:45:43', NULL, 'zgz', 123),
	(85, '2020-12-05 11:45:43', '2020-12-05 11:45:43', NULL, 'zgz', 123),
	(86, '2020-12-05 11:45:43', '2020-12-05 11:45:43', NULL, 'zgz', 123),
	(87, '2020-12-05 11:45:43', '2020-12-05 11:45:43', NULL, 'zgz', 123),
	(88, '2020-12-05 11:45:43', '2020-12-05 11:45:43', NULL, 'zgz', 123),
	(89, '2020-12-05 11:45:43', '2020-12-05 11:45:43', NULL, 'zgz', 123),
	(90, '2020-12-05 11:45:43', '2020-12-05 11:45:43', NULL, 'zgz', 123),
	(91, '2020-12-05 11:45:43', '2020-12-05 11:45:43', NULL, 'zgz', 123),
	(92, '2020-12-05 11:45:43', '2020-12-05 11:45:43', NULL, 'zgz', 123),
	(93, '2020-12-05 11:45:43', '2020-12-05 11:45:43', NULL, 'zgz', 123),
	(94, '2020-12-05 11:45:43', '2020-12-05 11:45:43', NULL, 'zgz', 123),
	(95, '2020-12-05 11:45:43', '2020-12-05 11:45:43', NULL, 'zgz', 123),
	(96, '2020-12-05 11:45:43', '2020-12-05 11:45:43', NULL, 'zgz', 123),
	(97, '2020-12-05 11:45:43', '2020-12-05 11:45:43', NULL, 'zgz', 123),
	(98, '2020-12-05 11:45:43', '2020-12-05 11:45:43', NULL, 'zgz', 123),
	(99, '2020-12-05 11:45:43', '2020-12-05 11:45:43', NULL, 'zgz', 123),
	(100, '2020-12-05 11:45:43', '2020-12-05 11:45:43', NULL, 'zgz', 123),
	(101, '2020-12-05 11:45:43', '2020-12-05 11:45:43', NULL, 'zgz', 123),
	(102, '2020-12-05 11:45:43', '2020-12-05 11:45:43', NULL, 'zgz', 123),
	(103, '2020-12-05 11:45:43', '2020-12-05 11:45:43', NULL, 'zgz', 123),
	(104, '2020-12-05 11:45:43', '2020-12-05 11:45:43', NULL, 'zgz', 123),
	(105, '2020-12-05 11:45:43', '2020-12-05 11:45:43', NULL, 'zgz', 123),
	(106, '2020-12-05 11:45:43', '2020-12-05 11:45:43', NULL, 'zgz', 123),
	(107, '2020-12-05 11:45:43', '2020-12-05 11:45:43', NULL, 'zgz', 123),
	(108, '2020-12-05 11:45:43', '2020-12-05 11:45:43', NULL, 'zgz', 123),
	(109, '2020-12-05 11:45:43', '2020-12-05 11:45:43', NULL, 'zgz', 123),
	(110, '2020-12-05 11:45:43', '2020-12-05 11:45:43', NULL, 'zgz', 123),
	(111, '2020-12-05 11:45:43', '2020-12-05 11:45:43', NULL, 'zgz', 123),
	(112, '2020-12-05 11:45:43', '2020-12-05 11:45:43', NULL, 'zgz', 123),
	(113, '2020-12-05 11:45:43', '2020-12-05 11:45:43', NULL, 'zgz', 123),
	(114, '2020-12-05 11:45:43', '2020-12-05 11:45:43', NULL, 'zgz', 123),
	(115, '2020-12-05 11:45:43', '2020-12-05 11:45:43', NULL, 'zgz', 123),
	(116, '2020-12-05 11:45:43', '2020-12-05 11:45:43', NULL, 'zgz', 123),
	(117, '2020-12-05 11:45:43', '2020-12-05 11:45:43', NULL, 'zgz', 123),
	(118, '2020-12-05 11:45:43', '2020-12-05 11:45:43', NULL, 'zgz', 123),
	(119, '2020-12-05 11:45:43', '2020-12-05 11:45:43', NULL, 'zgz', 123),
	(120, '2020-12-05 11:45:43', '2020-12-05 11:45:43', NULL, 'zgz', 123),
	(121, '2020-12-05 11:45:43', '2020-12-05 11:45:43', NULL, 'zgz', 123),
	(122, '2020-12-05 11:45:43', '2020-12-05 11:45:43', NULL, 'zgz', 123),
	(123, '2020-12-05 11:45:43', '2020-12-05 11:45:43', NULL, 'zgz', 123),
	(124, '2020-12-05 11:45:43', '2020-12-05 11:45:43', NULL, 'zgz', 123),
	(125, '2020-12-05 11:45:43', '2020-12-05 11:45:43', NULL, 'zgz', 123),
	(126, '2020-12-05 11:45:43', '2020-12-05 11:45:43', NULL, 'zgz', 123),
	(127, '2020-12-05 11:45:43', '2020-12-05 11:45:43', NULL, 'zgz', 123),
	(128, '2020-12-05 11:45:43', '2020-12-05 11:45:43', NULL, 'zgz', 123),
	(129, '2020-12-05 11:45:43', '2020-12-05 11:45:43', NULL, 'zgz', 123),
	(130, '2020-12-05 11:45:43', '2020-12-05 11:45:43', NULL, 'zgz', 123),
	(131, '2020-12-05 11:45:43', '2020-12-05 11:45:43', NULL, 'zgz', 123),
	(132, '2020-12-05 11:45:43', '2020-12-05 11:45:43', NULL, 'zgz', 123),
	(133, '2020-12-05 11:45:43', '2020-12-05 11:45:43', NULL, 'zgz', 123),
	(134, '2020-12-05 11:45:43', '2020-12-05 11:45:43', NULL, 'zgz', 123),
	(135, '2020-12-05 11:45:43', '2020-12-05 11:45:43', NULL, 'zgz', 123),
	(136, '2020-12-05 11:45:43', '2020-12-05 11:45:43', NULL, 'zgz', 123),
	(137, '2020-12-05 11:45:43', '2020-12-05 11:45:43', NULL, 'zgz', 123),
	(138, '2020-12-05 11:45:43', '2020-12-05 11:45:43', NULL, 'zgz', 123),
	(139, '2020-12-05 11:45:43', '2020-12-05 11:45:43', NULL, 'zgz', 123),
	(140, '2020-12-05 11:45:43', '2020-12-05 11:45:43', NULL, 'zgz', 123),
	(141, '2020-12-05 11:45:43', '2020-12-05 11:45:43', NULL, 'zgz', 123),
	(142, '2020-12-05 11:45:43', '2020-12-05 11:45:43', NULL, 'zgz', 123),
	(143, '2020-12-05 11:45:43', '2020-12-05 11:45:43', NULL, 'zgz', 123),
	(144, '2020-12-05 11:45:43', '2020-12-05 11:45:43', NULL, 'zgz', 123),
	(145, '2020-12-05 11:45:43', '2020-12-05 11:45:43', NULL, 'zgz', 123),
	(146, '2020-12-05 11:45:43', '2020-12-05 11:45:43', NULL, 'zgz', 123),
	(147, '2020-12-05 11:45:43', '2020-12-05 11:45:43', NULL, 'zgz', 123),
	(148, '2020-12-05 11:45:43', '2020-12-05 11:45:43', NULL, 'zgz', 123),
	(149, '2020-12-05 11:45:43', '2020-12-05 11:45:43', NULL, 'zgz', 123),
	(150, '2020-12-05 11:45:43', '2020-12-05 11:45:43', NULL, 'zgz', 123),
	(151, '2020-12-05 11:45:43', '2020-12-05 11:45:43', NULL, 'zgz', 123),
	(152, '2020-12-05 11:45:43', '2020-12-05 11:45:43', NULL, 'zgz', 123),
	(153, '2020-12-05 11:45:43', '2020-12-05 11:45:43', NULL, 'zgz', 123),
	(154, '2020-12-05 11:45:43', '2020-12-05 11:45:43', NULL, 'zgz', 123),
	(155, '2020-12-05 11:45:43', '2020-12-05 11:45:43', NULL, 'zgz', 123),
	(156, '2020-12-05 11:45:43', '2020-12-05 11:45:43', NULL, 'zgz', 123),
	(157, '2020-12-05 11:45:43', '2020-12-05 11:45:43', NULL, 'zgz', 123),
	(158, '2020-12-05 11:45:43', '2020-12-05 11:45:43', NULL, 'zgz', 123),
	(159, '2020-12-05 11:45:43', '2020-12-05 11:45:43', NULL, 'zgz', 123),
	(160, '2020-12-05 11:45:43', '2020-12-05 11:45:43', NULL, 'zgz', 123),
	(161, '2020-12-05 11:45:43', '2020-12-05 11:45:43', NULL, 'zgz', 123),
	(162, '2020-12-05 11:45:43', '2020-12-05 11:45:43', NULL, 'zgz', 123),
	(163, '2020-12-05 11:45:43', '2020-12-05 11:45:43', NULL, 'zgz', 123),
	(164, '2020-12-05 11:45:43', '2020-12-05 11:45:43', NULL, 'zgz', 123),
	(165, '2020-12-05 11:45:43', '2020-12-05 11:45:43', NULL, 'zgz', 123),
	(166, '2020-12-05 11:45:43', '2020-12-05 11:45:43', NULL, 'zgz', 123),
	(167, '2020-12-05 11:45:43', '2020-12-05 11:45:43', NULL, 'zgz', 123),
	(168, '2020-12-05 11:45:43', '2020-12-05 11:45:43', NULL, 'zgz', 123),
	(169, '2020-12-05 11:45:43', '2020-12-05 11:45:43', NULL, 'zgz', 123),
	(170, '2020-12-05 11:45:43', '2020-12-05 11:45:43', NULL, 'zgz', 123),
	(171, '2020-12-05 11:45:43', '2020-12-05 11:45:43', NULL, 'zgz', 123),
	(172, '2020-12-05 11:45:43', '2020-12-05 11:45:43', NULL, 'zgz', 123),
	(173, '2020-12-05 11:45:43', '2020-12-05 11:45:43', NULL, 'zgz', 123),
	(174, '2020-12-05 11:45:43', '2020-12-05 11:45:43', NULL, 'zgz', 123),
	(175, '2020-12-05 11:45:43', '2020-12-05 11:45:43', NULL, 'zgz', 123),
	(176, '2020-12-05 11:45:43', '2020-12-05 11:45:43', NULL, 'zgz', 123),
	(177, '2020-12-05 11:45:43', '2020-12-05 11:45:43', NULL, 'zgz', 123),
	(178, '2020-12-05 11:45:43', '2020-12-05 11:45:43', NULL, 'zgz', 123),
	(179, '2020-12-05 11:45:43', '2020-12-05 11:45:43', NULL, 'zgz', 123),
	(180, '2020-12-05 11:45:43', '2020-12-05 11:45:43', NULL, 'zgz', 123),
	(181, '2020-12-05 11:45:43', '2020-12-05 11:45:43', NULL, 'zgz', 123),
	(182, '2020-12-05 11:45:43', '2020-12-05 11:45:43', NULL, 'zgz', 123),
	(183, '2020-12-05 11:45:43', '2020-12-05 11:45:43', NULL, 'zgz', 123),
	(184, '2020-12-05 11:45:43', '2020-12-05 11:45:43', NULL, 'zgz', 123),
	(185, '2020-12-05 11:45:43', '2020-12-05 11:45:43', NULL, 'zgz', 123),
	(186, '2020-12-05 11:45:43', '2020-12-05 11:45:43', NULL, 'zgz', 123),
	(187, '2020-12-05 11:45:43', '2020-12-05 11:45:43', NULL, 'zgz', 123),
	(188, '2020-12-05 11:45:43', '2020-12-05 11:45:43', NULL, 'zgz', 123),
	(189, '2020-12-05 11:45:43', '2020-12-05 11:45:43', NULL, 'zgz', 123),
	(190, '2020-12-05 11:45:43', '2020-12-05 11:45:43', NULL, 'zgz', 123),
	(191, '2020-12-05 11:45:43', '2020-12-05 11:45:43', NULL, 'zgz', 123),
	(192, '2020-12-05 11:45:43', '2020-12-05 11:45:43', NULL, 'zgz', 123),
	(193, '2020-12-05 11:45:43', '2020-12-05 11:45:43', NULL, 'zgz', 123),
	(194, '2020-12-05 11:45:43', '2020-12-05 11:45:43', NULL, 'zgz', 123),
	(195, '2020-12-05 11:45:43', '2020-12-05 11:45:43', NULL, 'zgz', 123),
	(196, '2020-12-05 11:45:43', '2020-12-05 11:45:43', NULL, 'zgz', 123),
	(197, '2020-12-05 11:45:43', '2020-12-05 11:45:43', NULL, 'zgz', 123),
	(198, '2020-12-05 11:45:43', '2020-12-05 11:45:43', NULL, 'zgz', 123),
	(199, '2020-12-05 11:45:43', '2020-12-05 11:45:43', NULL, 'zgz', 123),
	(200, '2020-12-05 11:45:43', '2020-12-05 11:45:43', NULL, 'zgz', 123),
	(201, '2020-12-05 11:45:43', '2020-12-05 11:45:43', NULL, 'zgz', 123),
	(202, '2020-12-05 11:45:43', '2020-12-05 11:45:43', NULL, 'zgz', 123),
	(203, '2020-12-05 11:45:43', '2020-12-05 11:45:43', NULL, 'zgz', 123),
	(204, '2020-12-05 11:45:43', '2020-12-05 11:45:43', NULL, 'zgz', 123),
	(205, '2020-12-05 11:45:43', '2020-12-05 11:45:43', NULL, 'zgz', 123),
	(206, '2020-12-05 11:45:43', '2020-12-05 11:45:43', NULL, 'zgz', 123),
	(207, '2020-12-05 11:45:43', '2020-12-05 11:45:43', NULL, 'zgz', 123),
	(208, '2020-12-05 11:45:43', '2020-12-05 11:45:43', NULL, 'zgz', 123),
	(209, '2020-12-05 11:45:43', '2020-12-05 11:45:43', NULL, 'zgz', 123),
	(210, '2020-12-05 11:45:43', '2020-12-05 11:45:43', NULL, 'zgz', 123),
	(211, '2020-12-05 11:45:43', '2020-12-05 11:45:43', NULL, 'zgz', 123),
	(212, '2020-12-05 11:45:43', '2020-12-05 11:45:43', NULL, 'zgz', 123),
	(213, '2020-12-05 11:45:43', '2020-12-05 11:45:43', NULL, 'zgz', 123),
	(214, '2020-12-05 11:45:43', '2020-12-05 11:45:43', NULL, 'zgz', 123),
	(215, '2020-12-05 11:45:43', '2020-12-05 11:45:43', NULL, 'zgz', 123),
	(216, '2020-12-05 11:45:43', '2020-12-05 11:45:43', NULL, 'zgz', 123),
	(217, '2020-12-05 11:45:43', '2020-12-05 11:45:43', NULL, 'zgz', 123),
	(218, '2020-12-05 11:45:43', '2020-12-05 11:45:43', NULL, 'zgz', 123),
	(219, '2020-12-05 11:45:43', '2020-12-05 11:45:43', NULL, 'zgz', 123),
	(220, '2020-12-05 11:45:43', '2020-12-05 11:45:43', NULL, 'zgz', 123),
	(221, '2020-12-05 11:45:43', '2020-12-05 11:45:43', NULL, 'zgz', 123),
	(222, '2020-12-05 11:45:43', '2020-12-05 11:45:43', NULL, 'zgz', 123),
	(223, '2020-12-05 11:45:43', '2020-12-05 11:45:43', NULL, 'zgz', 123),
	(224, '2020-12-05 11:45:43', '2020-12-05 11:45:43', NULL, 'zgz', 123),
	(225, '2020-12-05 11:45:43', '2020-12-05 11:45:43', NULL, 'zgz', 123),
	(226, '2020-12-05 11:45:43', '2020-12-05 11:45:43', NULL, 'zgz', 123),
	(227, '2020-12-05 11:45:43', '2020-12-05 11:45:43', NULL, 'zgz', 123),
	(228, '2020-12-05 11:45:43', '2020-12-05 11:45:43', NULL, 'zgz', 123),
	(229, '2020-12-05 11:45:43', '2020-12-05 11:45:43', NULL, 'zgz', 123),
	(230, '2020-12-05 11:45:43', '2020-12-05 11:45:43', NULL, 'zgz', 123),
	(231, '2020-12-05 11:45:43', '2020-12-05 11:45:43', NULL, 'zgz', 123),
	(232, '2020-12-05 11:45:43', '2020-12-05 11:45:43', NULL, 'zgz', 123),
	(233, '2020-12-05 11:45:43', '2020-12-05 11:45:43', NULL, 'zgz', 123),
	(234, '2020-12-05 11:45:43', '2020-12-05 11:45:43', NULL, 'zgz', 123),
	(235, '2020-12-05 11:45:43', '2020-12-05 11:45:43', NULL, 'zgz', 123),
	(236, '2020-12-05 11:45:43', '2020-12-05 11:45:43', NULL, 'zgz', 123),
	(237, '2020-12-05 11:45:43', '2020-12-05 11:45:43', NULL, 'zgz', 123),
	(238, '2020-12-05 11:45:43', '2020-12-05 11:45:43', NULL, 'zgz', 123),
	(239, '2020-12-05 11:45:43', '2020-12-05 11:45:43', NULL, 'zgz', 123),
	(240, '2020-12-05 11:45:43', '2020-12-05 11:45:43', NULL, 'zgz', 123),
	(241, '2020-12-05 11:45:43', '2020-12-05 11:45:43', NULL, 'zgz', 123),
	(242, '2020-12-05 11:45:43', '2020-12-05 11:45:43', NULL, 'zgz', 123),
	(243, '2020-12-05 11:45:43', '2020-12-05 11:45:43', NULL, 'zgz', 123),
	(244, '2020-12-05 11:45:43', '2020-12-05 11:45:43', NULL, 'zgz', 123),
	(245, '2020-12-05 11:45:43', '2020-12-05 11:45:43', NULL, 'zgz', 123),
	(246, '2020-12-05 11:45:43', '2020-12-05 11:45:43', NULL, 'zgz', 123),
	(247, '2020-12-05 11:45:43', '2020-12-05 11:45:43', NULL, 'zgz', 123),
	(248, '2020-12-05 11:45:43', '2020-12-05 11:45:43', NULL, 'zgz', 123),
	(249, '2020-12-05 11:45:43', '2020-12-05 11:45:43', NULL, 'zgz', 123),
	(250, '2020-12-05 11:45:43', '2020-12-05 11:45:43', NULL, 'zgz', 123),
	(251, '2020-12-05 11:45:43', '2020-12-05 11:45:43', NULL, 'zgz', 123),
	(252, '2020-12-05 11:45:43', '2020-12-05 11:45:43', NULL, 'zgz', 123),
	(253, '2020-12-05 11:45:43', '2020-12-05 11:45:43', NULL, 'zgz', 123),
	(254, '2020-12-05 11:45:43', '2020-12-05 11:45:43', NULL, 'zgz', 123),
	(255, '2020-12-05 11:45:43', '2020-12-05 11:45:43', NULL, 'zgz', 123),
	(256, '2020-12-05 11:45:43', '2020-12-05 11:45:43', NULL, 'zgz', 123),
	(257, '2020-12-05 11:45:43', '2020-12-05 11:45:43', NULL, 'zgz', 123),
	(258, '2020-12-05 11:45:43', '2020-12-05 11:45:43', NULL, 'zgz', 123),
	(259, '2020-12-05 11:45:43', '2020-12-05 11:45:43', NULL, 'zgz', 123),
	(260, '2020-12-05 11:45:43', '2020-12-05 11:45:43', NULL, 'zgz', 123),
	(261, '2020-12-05 11:45:43', '2020-12-05 11:45:43', NULL, 'zgz', 123),
	(262, '2020-12-05 11:45:43', '2020-12-05 11:45:43', NULL, 'zgz', 123),
	(263, '2020-12-05 11:45:43', '2020-12-05 11:45:43', NULL, 'zgz', 123),
	(264, '2020-12-05 11:45:43', '2020-12-05 11:45:43', NULL, 'zgz', 123),
	(265, '2020-12-05 11:45:43', '2020-12-05 11:45:43', NULL, 'zgz', 123),
	(266, '2020-12-05 11:45:43', '2020-12-05 11:45:43', NULL, 'zgz', 123),
	(267, '2020-12-05 11:45:43', '2020-12-05 11:45:43', NULL, 'zgz', 123),
	(268, '2020-12-05 11:45:43', '2020-12-05 11:45:43', NULL, 'zgz', 123),
	(269, '2020-12-05 11:45:43', '2020-12-05 11:45:43', NULL, 'zgz', 123),
	(270, '2020-12-05 11:45:43', '2020-12-05 11:45:43', NULL, 'zgz', 123),
	(271, '2020-12-05 11:45:43', '2020-12-05 11:45:43', NULL, 'zgz', 123),
	(272, '2020-12-05 11:45:43', '2020-12-05 11:45:43', NULL, 'zgz', 123),
	(273, '2020-12-05 11:45:43', '2020-12-05 11:45:43', NULL, 'zgz', 123),
	(274, '2020-12-05 11:45:43', '2020-12-05 11:45:43', NULL, 'zgz', 123),
	(275, '2020-12-05 11:45:43', '2020-12-05 11:45:43', NULL, 'zgz', 123),
	(276, '2020-12-05 11:45:43', '2020-12-05 11:45:43', NULL, 'zgz', 123),
	(277, '2020-12-05 11:45:43', '2020-12-05 11:45:43', NULL, 'zgz', 123),
	(278, '2020-12-05 11:45:43', '2020-12-05 11:45:43', NULL, 'zgz', 123),
	(279, '2020-12-05 11:45:43', '2020-12-05 11:45:43', NULL, 'zgz', 123),
	(280, '2020-12-05 11:45:43', '2020-12-05 11:45:43', NULL, 'zgz', 123),
	(281, '2020-12-05 11:45:43', '2020-12-05 11:45:43', NULL, 'zgz', 123),
	(282, '2020-12-05 11:45:43', '2020-12-05 11:45:43', NULL, 'zgz', 123),
	(283, '2020-12-05 11:45:43', '2020-12-05 11:45:43', NULL, 'zgz', 123),
	(284, '2020-12-05 11:45:43', '2020-12-05 11:45:43', NULL, 'zgz', 123),
	(285, '2020-12-05 11:45:43', '2020-12-05 11:45:43', NULL, 'zgz', 123),
	(286, '2020-12-05 11:45:43', '2020-12-05 11:45:43', NULL, 'zgz', 123),
	(287, '2020-12-05 11:45:43', '2020-12-05 11:45:43', NULL, 'zgz', 123),
	(288, '2020-12-05 11:45:43', '2020-12-05 11:45:43', NULL, 'zgz', 123),
	(289, '2020-12-05 11:45:43', '2020-12-05 11:45:43', NULL, 'zgz', 123),
	(290, '2020-12-05 11:45:43', '2020-12-05 11:45:43', NULL, 'zgz', 123),
	(291, '2020-12-05 11:45:43', '2020-12-05 11:45:43', NULL, 'zgz', 123),
	(292, '2020-12-05 11:45:43', '2020-12-05 11:45:43', NULL, 'zgz', 123),
	(293, '2020-12-05 11:45:43', '2020-12-05 11:45:43', NULL, 'zgz', 123),
	(294, '2020-12-05 11:45:43', '2020-12-05 11:45:43', NULL, 'zgz', 123),
	(295, '2020-12-05 11:45:43', '2020-12-05 11:45:43', NULL, 'zgz', 123),
	(296, '2020-12-05 11:45:43', '2020-12-05 11:45:43', NULL, 'zgz', 123),
	(297, '2020-12-05 11:45:43', '2020-12-05 11:45:43', NULL, 'zgz', 123),
	(298, '2020-12-05 11:45:43', '2020-12-05 11:45:43', NULL, 'zgz', 123),
	(299, '2020-12-05 11:45:43', '2020-12-05 11:45:43', NULL, 'zgz', 123),
	(300, '2020-12-05 11:45:43', '2020-12-05 11:45:43', NULL, 'zgz', 123),
	(301, '2020-12-05 11:45:43', '2020-12-05 11:45:43', NULL, 'zgz', 123),
	(302, '2020-12-05 11:45:43', '2020-12-05 11:45:43', NULL, 'zgz', 123),
	(303, '2020-12-05 11:45:43', '2020-12-05 11:45:43', NULL, 'zgz', 123),
	(304, '2020-12-05 11:45:43', '2020-12-05 11:45:43', NULL, 'zgz', 123),
	(305, '2020-12-05 11:45:43', '2020-12-05 11:45:43', NULL, 'zgz', 123),
	(306, '2020-12-05 11:45:43', '2020-12-05 11:45:43', NULL, 'zgz', 123),
	(307, '2020-12-05 11:45:43', '2020-12-05 11:45:43', NULL, 'zgz', 123),
	(308, '2020-12-05 11:45:43', '2020-12-05 11:45:43', NULL, 'zgz', 123),
	(309, '2020-12-05 11:45:43', '2020-12-05 11:45:43', NULL, 'zgz', 123),
	(310, '2020-12-05 11:45:43', '2020-12-05 11:45:43', NULL, 'zgz', 123),
	(311, '2020-12-05 11:45:43', '2020-12-05 11:45:43', NULL, 'zgz', 123),
	(312, '2020-12-05 11:45:43', '2020-12-05 11:45:43', NULL, 'zgz', 123),
	(313, '2020-12-05 11:45:43', '2020-12-05 11:45:43', NULL, 'zgz', 123),
	(314, '2020-12-05 11:45:43', '2020-12-05 11:45:43', NULL, 'zgz', 123),
	(315, '2020-12-05 11:45:43', '2020-12-05 11:45:43', NULL, 'zgz', 123),
	(316, '2020-12-05 11:45:43', '2020-12-05 11:45:43', NULL, 'zgz', 123),
	(317, '2020-12-05 11:45:43', '2020-12-05 11:45:43', NULL, 'zgz', 123),
	(318, '2020-12-05 11:45:43', '2020-12-05 11:45:43', NULL, 'zgz', 123),
	(319, '2020-12-05 11:45:43', '2020-12-05 11:45:43', NULL, 'zgz', 123),
	(320, '2020-12-05 11:45:43', '2020-12-05 11:45:43', NULL, 'zgz', 123),
	(321, '2020-12-05 11:45:43', '2020-12-05 11:45:43', NULL, 'zgz', 123),
	(322, '2020-12-05 11:45:43', '2020-12-05 11:45:43', NULL, 'zgz', 123),
	(323, '2020-12-05 11:45:43', '2020-12-05 11:45:43', NULL, 'zgz', 123),
	(324, '2020-12-05 11:45:43', '2020-12-05 11:45:43', NULL, 'zgz', 123),
	(325, '2020-12-05 11:45:43', '2020-12-05 11:45:43', NULL, 'zgz', 123),
	(326, '2020-12-05 11:45:43', '2020-12-05 11:45:43', NULL, 'zgz', 123),
	(327, '2020-12-05 11:45:43', '2020-12-05 11:45:43', NULL, 'zgz', 123),
	(328, '2020-12-05 11:45:43', '2020-12-05 11:45:43', NULL, 'zgz', 123),
	(329, '2020-12-05 11:45:43', '2020-12-05 11:45:43', NULL, 'zgz', 123),
	(330, '2020-12-05 11:45:43', '2020-12-05 11:45:43', NULL, 'zgz', 123),
	(331, '2020-12-05 11:45:43', '2020-12-05 11:45:43', NULL, 'zgz', 123),
	(332, '2020-12-05 11:45:43', '2020-12-05 11:45:43', NULL, 'zgz', 123),
	(333, '2020-12-05 11:45:43', '2020-12-05 11:45:43', NULL, 'zgz', 123),
	(334, '2020-12-05 11:45:43', '2020-12-05 11:45:43', NULL, 'zgz', 123),
	(335, '2020-12-05 11:45:43', '2020-12-05 11:45:43', NULL, 'zgz', 123),
	(336, '2020-12-05 11:45:43', '2020-12-05 11:45:43', NULL, 'zgz', 123),
	(337, '2020-12-05 11:45:43', '2020-12-05 11:45:43', NULL, 'zgz', 123),
	(338, '2020-12-05 11:45:43', '2020-12-05 11:45:43', NULL, 'zgz', 123),
	(339, '2020-12-05 11:45:43', '2020-12-05 11:45:43', NULL, 'zgz', 123),
	(340, '2020-12-05 11:45:43', '2020-12-05 11:45:43', NULL, 'zgz', 123),
	(341, '2020-12-05 11:45:43', '2020-12-05 11:45:43', NULL, 'zgz', 123),
	(342, '2020-12-05 11:45:43', '2020-12-05 11:45:43', NULL, 'zgz', 123),
	(343, '2020-12-05 11:45:43', '2020-12-05 11:45:43', NULL, 'zgz', 123),
	(344, '2020-12-05 11:45:43', '2020-12-05 11:45:43', NULL, 'zgz', 123),
	(345, '2020-12-05 11:45:43', '2020-12-05 11:45:43', NULL, 'zgz', 123),
	(346, '2020-12-05 11:45:43', '2020-12-05 11:45:43', NULL, 'zgz', 123),
	(347, '2020-12-05 11:45:43', '2020-12-05 11:45:43', NULL, 'zgz', 123),
	(348, '2020-12-05 11:45:43', '2020-12-05 11:45:43', NULL, 'zgz', 123),
	(349, '2020-12-05 11:45:43', '2020-12-05 11:45:43', NULL, 'zgz', 123),
	(350, '2020-12-05 11:45:43', '2020-12-05 11:45:43', NULL, 'zgz', 123),
	(351, '2020-12-05 11:45:43', '2020-12-05 11:45:43', NULL, 'zgz', 123),
	(352, '2020-12-05 11:45:43', '2020-12-05 11:45:43', NULL, 'zgz', 123),
	(353, '2020-12-05 11:45:43', '2020-12-05 11:45:43', NULL, 'zgz', 123),
	(354, '2020-12-05 11:45:43', '2020-12-05 11:45:43', NULL, 'zgz', 123),
	(355, '2020-12-05 11:45:43', '2020-12-05 11:45:43', NULL, 'zgz', 123),
	(356, '2020-12-05 11:45:43', '2020-12-05 11:45:43', NULL, 'zgz', 123),
	(357, '2020-12-05 11:45:43', '2020-12-05 11:45:43', NULL, 'zgz', 123),
	(358, '2020-12-05 11:45:43', '2020-12-05 11:45:43', NULL, 'zgz', 123),
	(359, '2020-12-05 11:45:43', '2020-12-05 11:45:43', NULL, 'zgz', 123),
	(360, '2020-12-05 11:45:43', '2020-12-05 11:45:43', NULL, 'zgz', 123),
	(361, '2020-12-05 11:45:43', '2020-12-05 11:45:43', NULL, 'zgz', 123),
	(362, '2020-12-05 11:45:43', '2020-12-05 11:45:43', NULL, 'zgz', 123),
	(363, '2020-12-05 11:45:43', '2020-12-05 11:45:43', NULL, 'zgz', 123),
	(364, '2020-12-05 11:45:43', '2020-12-05 11:45:43', NULL, 'zgz', 123),
	(365, '2020-12-05 11:45:43', '2020-12-05 11:45:43', NULL, 'zgz', 123),
	(366, '2020-12-05 11:45:43', '2020-12-05 11:45:43', NULL, 'zgz', 123),
	(367, '2020-12-05 11:45:43', '2020-12-05 11:45:43', NULL, 'zgz', 123),
	(368, '2020-12-05 11:45:43', '2020-12-05 11:45:43', NULL, 'zgz', 123),
	(369, '2020-12-05 11:45:43', '2020-12-05 11:45:43', NULL, 'zgz', 123),
	(370, '2020-12-05 11:45:43', '2020-12-05 11:45:43', NULL, 'zgz', 123),
	(371, '2020-12-05 11:45:43', '2020-12-05 11:45:43', NULL, 'zgz', 123),
	(372, '2020-12-05 11:45:43', '2020-12-05 11:45:43', NULL, 'zgz', 123),
	(373, '2020-12-05 11:45:43', '2020-12-05 11:45:43', NULL, 'zgz', 123),
	(374, '2020-12-05 11:45:43', '2020-12-05 11:45:43', NULL, 'zgz', 123),
	(375, '2020-12-05 11:45:43', '2020-12-05 11:45:43', NULL, 'zgz', 123),
	(376, '2020-12-05 11:45:43', '2020-12-05 11:45:43', NULL, 'zgz', 123),
	(377, '2020-12-05 11:45:43', '2020-12-05 11:45:43', NULL, 'zgz', 123),
	(378, '2020-12-05 11:45:43', '2020-12-05 11:45:43', NULL, 'zgz', 123),
	(379, '2020-12-05 11:45:43', '2020-12-05 11:45:43', NULL, 'zgz', 123),
	(380, '2020-12-05 11:45:43', '2020-12-05 11:45:43', NULL, 'zgz', 123),
	(381, '2020-12-05 11:45:43', '2020-12-05 11:45:43', NULL, 'zgz', 123),
	(382, '2020-12-05 11:45:43', '2020-12-05 11:45:43', NULL, 'zgz', 123),
	(383, '2020-12-05 11:45:43', '2020-12-05 11:45:43', NULL, 'zgz', 123),
	(384, '2020-12-05 11:45:43', '2020-12-05 11:45:43', NULL, 'zgz', 123),
	(385, '2020-12-05 11:45:43', '2020-12-05 11:45:43', NULL, 'zgz', 123),
	(386, '2020-12-05 11:45:43', '2020-12-05 11:45:43', NULL, 'zgz', 123),
	(387, '2020-12-05 11:45:43', '2020-12-05 11:45:43', NULL, 'zgz', 123),
	(388, '2020-12-05 11:45:43', '2020-12-05 11:45:43', NULL, 'zgz', 123),
	(389, '2020-12-05 11:45:43', '2020-12-05 11:45:43', NULL, 'zgz', 123),
	(390, '2020-12-05 11:45:43', '2020-12-05 11:45:43', NULL, 'zgz', 123),
	(391, '2020-12-05 11:45:43', '2020-12-05 11:45:43', NULL, 'zgz', 123),
	(392, '2020-12-05 11:45:43', '2020-12-05 11:45:43', NULL, 'zgz', 123),
	(393, '2020-12-05 11:45:43', '2020-12-05 11:45:43', NULL, 'zgz', 123),
	(394, '2020-12-05 11:45:43', '2020-12-05 11:45:43', NULL, 'zgz', 123),
	(395, '2020-12-05 11:45:43', '2020-12-05 11:45:43', NULL, 'zgz', 123),
	(396, '2020-12-05 11:45:43', '2020-12-05 11:45:43', NULL, 'zgz', 123),
	(397, '2020-12-05 11:45:43', '2020-12-05 11:45:43', NULL, 'zgz', 123),
	(398, '2020-12-05 11:45:43', '2020-12-05 11:45:43', NULL, 'zgz', 123),
	(399, '2020-12-05 11:45:43', '2020-12-05 11:45:43', NULL, 'zgz', 123),
	(400, '2020-12-05 11:45:43', '2020-12-05 11:45:43', NULL, 'zgz', 123),
	(401, '2020-12-05 11:45:43', '2020-12-05 11:45:43', NULL, 'zgz', 123),
	(402, '2020-12-05 11:45:43', '2020-12-05 11:45:43', NULL, 'zgz', 123),
	(403, '2020-12-05 11:45:43', '2020-12-05 11:45:43', NULL, 'zgz', 123),
	(404, '2020-12-05 11:45:43', '2020-12-05 11:45:43', NULL, 'zgz', 123),
	(405, '2020-12-05 11:45:43', '2020-12-05 11:45:43', NULL, 'zgz', 123),
	(406, '2020-12-05 11:45:43', '2020-12-05 11:45:43', NULL, 'zgz', 123),
	(407, '2020-12-05 11:45:43', '2020-12-05 11:45:43', NULL, 'zgz', 123),
	(408, '2020-12-05 11:45:43', '2020-12-05 11:45:43', NULL, 'zgz', 123),
	(409, '2020-12-05 11:45:43', '2020-12-05 11:45:43', NULL, 'zgz', 123),
	(410, '2020-12-05 11:45:43', '2020-12-05 11:45:43', NULL, 'zgz', 123),
	(411, '2020-12-05 11:45:43', '2020-12-05 11:45:43', NULL, 'zgz', 123),
	(412, '2020-12-05 11:45:43', '2020-12-05 11:45:43', NULL, 'zgz', 123),
	(413, '2020-12-05 11:45:43', '2020-12-05 11:45:43', NULL, 'zgz', 123),
	(414, '2020-12-05 11:45:43', '2020-12-05 11:45:43', NULL, 'zgz', 123),
	(415, '2020-12-05 11:45:43', '2020-12-05 11:45:43', NULL, 'zgz', 123),
	(416, '2020-12-05 11:45:43', '2020-12-05 11:45:43', NULL, 'zgz', 123),
	(417, '2020-12-05 11:45:43', '2020-12-05 11:45:43', NULL, 'zgz', 123),
	(418, '2020-12-05 11:45:43', '2020-12-05 11:45:43', NULL, 'zgz', 123),
	(419, '2020-12-05 11:45:43', '2020-12-05 11:45:43', NULL, 'zgz', 123),
	(420, '2020-12-05 11:45:43', '2020-12-05 11:45:43', NULL, 'zgz', 123),
	(421, '2020-12-05 11:45:43', '2020-12-05 11:45:43', NULL, 'zgz', 123),
	(422, '2020-12-05 11:45:43', '2020-12-05 11:45:43', NULL, 'zgz', 123),
	(423, '2020-12-05 11:45:43', '2020-12-05 11:45:43', NULL, 'zgz', 123),
	(424, '2020-12-05 11:45:43', '2020-12-05 11:45:43', NULL, 'zgz', 123),
	(425, '2020-12-05 11:45:43', '2020-12-05 11:45:43', NULL, 'zgz', 123),
	(426, '2020-12-05 11:45:43', '2020-12-05 11:45:43', NULL, 'zgz', 123),
	(427, '2020-12-05 11:45:43', '2020-12-05 11:45:43', NULL, 'zgz', 123),
	(428, '2020-12-05 11:45:43', '2020-12-05 11:45:43', NULL, 'zgz', 123),
	(429, '2020-12-05 11:45:43', '2020-12-05 11:45:43', NULL, 'zgz', 123),
	(430, '2020-12-05 11:45:43', '2020-12-05 11:45:43', NULL, 'zgz', 123),
	(431, '2020-12-05 11:45:43', '2020-12-05 11:45:43', NULL, 'zgz', 123),
	(432, '2020-12-05 11:45:43', '2020-12-05 11:45:43', NULL, 'zgz', 123),
	(433, '2020-12-05 11:45:43', '2020-12-05 11:45:43', NULL, 'zgz', 123),
	(434, '2020-12-05 11:45:43', '2020-12-05 11:45:43', NULL, 'zgz', 123),
	(435, '2020-12-05 11:45:43', '2020-12-05 11:45:43', NULL, 'zgz', 123),
	(436, '2020-12-05 11:45:43', '2020-12-05 11:45:43', NULL, 'zgz', 123),
	(437, '2020-12-05 11:45:43', '2020-12-05 11:45:43', NULL, 'zgz', 123),
	(438, '2020-12-05 11:45:43', '2020-12-05 11:45:43', NULL, 'zgz', 123),
	(439, '2020-12-05 11:45:43', '2020-12-05 11:45:43', NULL, 'zgz', 123),
	(440, '2020-12-05 11:45:43', '2020-12-05 11:45:43', NULL, 'zgz', 123),
	(441, '2020-12-05 11:45:43', '2020-12-05 11:45:43', NULL, 'zgz', 123),
	(442, '2020-12-05 11:45:43', '2020-12-05 11:45:43', NULL, 'zgz', 123),
	(443, '2020-12-05 11:45:43', '2020-12-05 11:45:43', NULL, 'zgz', 123),
	(444, '2020-12-05 11:45:43', '2020-12-05 11:45:43', NULL, 'zgz', 123),
	(445, '2020-12-05 11:45:43', '2020-12-05 11:45:43', NULL, 'zgz', 123),
	(446, '2020-12-05 11:45:43', '2020-12-05 11:45:43', NULL, 'zgz', 123),
	(447, '2020-12-05 11:45:43', '2020-12-05 11:45:43', NULL, 'zgz', 123),
	(448, '2020-12-05 11:45:43', '2020-12-05 11:45:43', NULL, 'zgz', 123),
	(449, '2020-12-05 11:45:43', '2020-12-05 11:45:43', NULL, 'zgz', 123),
	(450, '2020-12-05 11:45:43', '2020-12-05 11:45:43', NULL, 'zgz', 123),
	(451, '2020-12-05 11:45:43', '2020-12-05 11:45:43', NULL, 'zgz', 123),
	(452, '2020-12-05 11:45:43', '2020-12-05 11:45:43', NULL, 'zgz', 123),
	(453, '2020-12-05 11:45:43', '2020-12-05 11:45:43', NULL, 'zgz', 123),
	(454, '2020-12-05 11:45:43', '2020-12-05 11:45:43', NULL, 'zgz', 123),
	(455, '2020-12-05 11:45:43', '2020-12-05 11:45:43', NULL, 'zgz', 123),
	(456, '2020-12-05 11:45:43', '2020-12-05 11:45:43', NULL, 'zgz', 123),
	(457, '2020-12-05 11:45:43', '2020-12-05 11:45:43', NULL, 'zgz', 123),
	(458, '2020-12-05 11:45:43', '2020-12-05 11:45:43', NULL, 'zgz', 123),
	(459, '2020-12-05 11:45:43', '2020-12-05 11:45:43', NULL, 'zgz', 123),
	(460, '2020-12-05 11:45:43', '2020-12-05 11:45:43', NULL, 'zgz', 123),
	(461, '2020-12-05 11:45:43', '2020-12-05 11:45:43', NULL, 'zgz', 123),
	(462, '2020-12-05 11:45:43', '2020-12-05 11:45:43', NULL, 'zgz', 123),
	(463, '2020-12-05 11:45:43', '2020-12-05 11:45:43', NULL, 'zgz', 123),
	(464, '2020-12-05 11:45:43', '2020-12-05 11:45:43', NULL, 'zgz', 123),
	(465, '2020-12-05 11:45:43', '2020-12-05 11:45:43', NULL, 'zgz', 123),
	(466, '2020-12-05 11:45:43', '2020-12-05 11:45:43', NULL, 'zgz', 123),
	(467, '2020-12-05 11:45:43', '2020-12-05 11:45:43', NULL, 'zgz', 123),
	(468, '2020-12-05 11:45:43', '2020-12-05 11:45:43', NULL, 'zgz', 123),
	(469, '2020-12-05 11:45:43', '2020-12-05 11:45:43', NULL, 'zgz', 123),
	(470, '2020-12-05 11:45:43', '2020-12-05 11:45:43', NULL, 'zgz', 123),
	(471, '2020-12-05 11:45:43', '2020-12-05 11:45:43', NULL, 'zgz', 123),
	(472, '2020-12-05 11:45:43', '2020-12-05 11:45:43', NULL, 'zgz', 123),
	(473, '2020-12-05 11:45:43', '2020-12-05 11:45:43', NULL, 'zgz', 123),
	(474, '2020-12-05 11:45:43', '2020-12-05 11:45:43', NULL, 'zgz', 123),
	(475, '2020-12-05 11:45:43', '2020-12-05 11:45:43', NULL, 'zgz', 123),
	(476, '2020-12-05 11:45:43', '2020-12-05 11:45:43', NULL, 'zgz', 123),
	(477, '2020-12-05 11:45:43', '2020-12-05 11:45:43', NULL, 'zgz', 123),
	(478, '2020-12-05 11:45:43', '2020-12-05 11:45:43', NULL, 'zgz', 123),
	(479, '2020-12-05 11:45:43', '2020-12-05 11:45:43', NULL, 'zgz', 123),
	(480, '2020-12-05 11:45:43', '2020-12-05 11:45:43', NULL, 'zgz', 123),
	(481, '2020-12-05 11:45:43', '2020-12-05 11:45:43', NULL, 'zgz', 123),
	(482, '2020-12-05 11:45:43', '2020-12-05 11:45:43', NULL, 'zgz', 123),
	(483, '2020-12-05 11:45:43', '2020-12-05 11:45:43', NULL, 'zgz', 123),
	(484, '2020-12-05 11:45:43', '2020-12-05 11:45:43', NULL, 'zgz', 123),
	(485, '2020-12-05 11:45:43', '2020-12-05 11:45:43', NULL, 'zgz', 123),
	(486, '2020-12-05 11:45:43', '2020-12-05 11:45:43', NULL, 'zgz', 123),
	(487, '2020-12-05 11:45:43', '2020-12-05 11:45:43', NULL, 'zgz', 123),
	(488, '2020-12-05 11:45:43', '2020-12-05 11:45:43', NULL, 'zgz', 123),
	(489, '2020-12-05 11:45:43', '2020-12-05 11:45:43', NULL, 'zgz', 123),
	(490, '2020-12-05 11:45:43', '2020-12-05 11:45:43', NULL, 'zgz', 123),
	(491, '2020-12-05 11:45:43', '2020-12-05 11:45:43', NULL, 'zgz', 123),
	(492, '2020-12-05 11:45:43', '2020-12-05 11:45:43', NULL, 'zgz', 123),
	(493, '2020-12-05 11:45:43', '2020-12-05 11:45:43', NULL, 'zgz', 123),
	(494, '2020-12-05 11:45:43', '2020-12-05 11:45:43', NULL, 'zgz', 123),
	(495, '2020-12-05 11:45:43', '2020-12-05 11:45:43', NULL, 'zgz', 123),
	(496, '2020-12-05 11:45:43', '2020-12-05 11:45:43', NULL, 'zgz', 123),
	(497, '2020-12-05 11:45:43', '2020-12-05 11:45:43', NULL, 'zgz', 123),
	(498, '2020-12-05 11:45:43', '2020-12-05 11:45:43', NULL, 'zgz', 123),
	(499, '2020-12-05 11:45:43', '2020-12-05 11:45:43', NULL, 'zgz', 123),
	(500, '2020-12-05 11:45:43', '2020-12-05 11:45:43', NULL, 'zgz', 123),
	(501, '2020-12-05 11:45:43', '2020-12-05 11:45:43', NULL, 'zgz', 123),
	(502, '2020-12-05 11:45:43', '2020-12-05 11:45:43', NULL, 'zgz', 123),
	(503, '2020-12-05 11:45:43', '2020-12-05 11:45:43', NULL, 'zgz', 123),
	(504, '2020-12-05 11:45:43', '2020-12-05 11:45:43', NULL, 'zgz', 123),
	(505, '2020-12-05 11:45:43', '2020-12-05 11:45:43', NULL, 'zgz', 123),
	(506, '2020-12-05 11:45:43', '2020-12-05 11:45:43', NULL, 'zgz', 123),
	(507, '2020-12-05 11:45:43', '2020-12-05 11:45:43', NULL, 'zgz', 123),
	(508, '2020-12-05 11:45:43', '2020-12-05 11:45:43', NULL, 'zgz', 123),
	(509, '2020-12-05 11:45:43', '2020-12-05 11:45:43', NULL, 'zgz', 123),
	(510, '2020-12-05 11:45:43', '2020-12-05 11:45:43', NULL, 'zgz', 123),
	(511, '2020-12-05 11:45:43', '2020-12-05 11:45:43', NULL, 'zgz', 123),
	(512, '2020-12-05 11:45:43', '2020-12-05 11:45:43', NULL, 'zgz', 123),
	(513, '2020-12-05 11:45:43', '2020-12-05 11:45:43', NULL, 'zgz', 123),
	(514, '2020-12-05 11:45:43', '2020-12-05 11:45:43', NULL, 'zgz', 123),
	(515, '2020-12-05 11:45:43', '2020-12-05 11:45:43', NULL, 'zgz', 123),
	(516, '2020-12-05 11:45:43', '2020-12-05 11:45:43', NULL, 'zgz', 123),
	(517, '2020-12-05 11:45:43', '2020-12-05 11:45:43', NULL, 'zgz', 123),
	(518, '2020-12-05 11:45:43', '2020-12-05 11:45:43', NULL, 'zgz', 123),
	(519, '2020-12-05 11:45:43', '2020-12-05 11:45:43', NULL, 'zgz', 123),
	(520, '2020-12-05 11:45:43', '2020-12-05 11:45:43', NULL, 'zgz', 123),
	(521, '2020-12-05 11:45:43', '2020-12-05 11:45:43', NULL, 'zgz', 123),
	(522, '2020-12-05 11:45:43', '2020-12-05 11:45:43', NULL, 'zgz', 123),
	(523, '2020-12-05 11:45:43', '2020-12-05 11:45:43', NULL, 'zgz', 123),
	(524, '2020-12-05 11:45:43', '2020-12-05 11:45:43', NULL, 'zgz', 123),
	(525, '2020-12-05 11:45:43', '2020-12-05 11:45:43', NULL, 'zgz', 123),
	(526, '2020-12-05 11:45:43', '2020-12-05 11:45:43', NULL, 'zgz', 123),
	(527, '2020-12-05 11:45:43', '2020-12-05 11:45:43', NULL, 'zgz', 123),
	(528, '2020-12-05 11:45:43', '2020-12-05 11:45:43', NULL, 'zgz', 123),
	(529, '2020-12-05 11:45:43', '2020-12-05 11:45:43', NULL, 'zgz', 123),
	(530, '2020-12-05 11:45:43', '2020-12-05 11:45:43', NULL, 'zgz', 123),
	(531, '2020-12-05 11:45:43', '2020-12-05 11:45:43', NULL, 'zgz', 123),
	(532, '2020-12-05 11:45:43', '2020-12-05 11:45:43', NULL, 'zgz', 123),
	(533, '2020-12-05 11:45:43', '2020-12-05 11:45:43', NULL, 'zgz', 123),
	(534, '2020-12-05 11:45:43', '2020-12-05 11:45:43', NULL, 'zgz', 123),
	(535, '2020-12-05 11:45:43', '2020-12-05 11:45:43', NULL, 'zgz', 123),
	(536, '2020-12-05 11:45:43', '2020-12-05 11:45:43', NULL, 'zgz', 123),
	(537, '2020-12-05 11:45:43', '2020-12-05 11:45:43', NULL, 'zgz', 123),
	(538, '2020-12-05 11:45:43', '2020-12-05 11:45:43', NULL, 'zgz', 123),
	(539, '2020-12-05 11:45:43', '2020-12-05 11:45:43', NULL, 'zgz', 123),
	(540, '2020-12-05 11:45:43', '2020-12-05 11:45:43', NULL, 'zgz', 123),
	(541, '2020-12-05 11:45:43', '2020-12-05 11:45:43', NULL, 'zgz', 123),
	(542, '2020-12-05 11:45:43', '2020-12-05 11:45:43', NULL, 'zgz', 123),
	(543, '2020-12-05 11:45:43', '2020-12-05 11:45:43', NULL, 'zgz', 123),
	(544, '2020-12-05 11:45:43', '2020-12-05 11:45:43', NULL, 'zgz', 123),
	(545, '2020-12-05 11:45:43', '2020-12-05 11:45:43', NULL, 'zgz', 123),
	(546, '2020-12-05 11:45:43', '2020-12-05 11:45:43', NULL, 'zgz', 123),
	(547, '2020-12-05 11:45:43', '2020-12-05 11:45:43', NULL, 'zgz', 123),
	(548, '2020-12-05 11:45:43', '2020-12-05 11:45:43', NULL, 'zgz', 123),
	(549, '2020-12-05 11:45:43', '2020-12-05 11:45:43', NULL, 'zgz', 123),
	(550, '2020-12-05 11:45:43', '2020-12-05 11:45:43', NULL, 'zgz', 123),
	(551, '2020-12-05 11:45:43', '2020-12-05 11:45:43', NULL, 'zgz', 123),
	(552, '2020-12-05 11:45:43', '2020-12-05 11:45:43', NULL, 'zgz', 123),
	(553, '2020-12-05 11:45:43', '2020-12-05 11:45:43', NULL, 'zgz', 123),
	(554, '2020-12-05 11:45:43', '2020-12-05 11:45:43', NULL, 'zgz', 123),
	(555, '2020-12-05 11:45:43', '2020-12-05 11:45:43', NULL, 'zgz', 123),
	(556, '2020-12-05 11:45:43', '2020-12-05 11:45:43', NULL, 'zgz', 123),
	(557, '2020-12-05 11:45:43', '2020-12-05 11:45:43', NULL, 'zgz', 123),
	(558, '2020-12-05 11:45:43', '2020-12-05 11:45:43', NULL, 'zgz', 123),
	(559, '2020-12-05 11:45:43', '2020-12-05 11:45:43', NULL, 'zgz', 123),
	(560, '2020-12-05 11:45:43', '2020-12-05 11:45:43', NULL, 'zgz', 123),
	(561, '2020-12-05 11:45:43', '2020-12-05 11:45:43', NULL, 'zgz', 123),
	(562, '2020-12-05 11:45:43', '2020-12-05 11:45:43', NULL, 'zgz', 123),
	(563, '2020-12-05 11:45:43', '2020-12-05 11:45:43', NULL, 'zgz', 123),
	(564, '2020-12-05 11:45:43', '2020-12-05 11:45:43', NULL, 'zgz', 123),
	(565, '2020-12-05 11:45:43', '2020-12-05 11:45:43', NULL, 'zgz', 123),
	(566, '2020-12-05 11:45:43', '2020-12-05 11:45:43', NULL, 'zgz', 123),
	(567, '2020-12-05 11:45:43', '2020-12-05 11:45:43', NULL, 'zgz', 123),
	(568, '2020-12-05 11:45:43', '2020-12-05 11:45:43', NULL, 'zgz', 123),
	(569, '2020-12-05 11:45:43', '2020-12-05 11:45:43', NULL, 'zgz', 123),
	(570, '2020-12-05 11:45:43', '2020-12-05 11:45:43', NULL, 'zgz', 123),
	(571, '2020-12-05 11:45:43', '2020-12-05 11:45:43', NULL, 'zgz', 123),
	(572, '2020-12-05 11:45:43', '2020-12-05 11:45:43', NULL, 'zgz', 123),
	(573, '2020-12-05 11:45:43', '2020-12-05 11:45:43', NULL, 'zgz', 123),
	(574, '2020-12-05 11:45:43', '2020-12-05 11:45:43', NULL, 'zgz', 123),
	(575, '2020-12-05 11:45:43', '2020-12-05 11:45:43', NULL, 'zgz', 123),
	(576, '2020-12-05 11:45:43', '2020-12-05 11:45:43', NULL, 'zgz', 123),
	(577, '2020-12-05 11:45:43', '2020-12-05 11:45:43', NULL, 'zgz', 123),
	(578, '2020-12-05 11:45:43', '2020-12-05 11:45:43', NULL, 'zgz', 123),
	(579, '2020-12-05 11:45:43', '2020-12-05 11:45:43', NULL, 'zgz', 123),
	(580, '2020-12-05 11:45:43', '2020-12-05 11:45:43', NULL, 'zgz', 123),
	(581, '2020-12-05 11:45:43', '2020-12-05 11:45:43', NULL, 'zgz', 123),
	(582, '2020-12-05 11:45:43', '2020-12-05 11:45:43', NULL, 'zgz', 123),
	(583, '2020-12-05 11:45:43', '2020-12-05 11:45:43', NULL, 'zgz', 123),
	(584, '2020-12-05 11:45:43', '2020-12-05 11:45:43', NULL, 'zgz', 123),
	(585, '2020-12-05 11:45:43', '2020-12-05 11:45:43', NULL, 'zgz', 123),
	(586, '2020-12-05 11:45:43', '2020-12-05 11:45:43', NULL, 'zgz', 123),
	(587, '2020-12-05 11:45:43', '2020-12-05 11:45:43', NULL, 'zgz', 123),
	(588, '2020-12-05 11:45:43', '2020-12-05 11:45:43', NULL, 'zgz', 123),
	(589, '2020-12-05 11:45:43', '2020-12-05 11:45:43', NULL, 'zgz', 123),
	(590, '2020-12-05 11:45:43', '2020-12-05 11:45:43', NULL, 'zgz', 123),
	(591, '2020-12-05 11:45:43', '2020-12-05 11:45:43', NULL, 'zgz', 123),
	(592, '2020-12-05 11:45:43', '2020-12-05 11:45:43', NULL, 'zgz', 123),
	(593, '2020-12-05 11:45:43', '2020-12-05 11:45:43', NULL, 'zgz', 123),
	(594, '2020-12-05 11:45:43', '2020-12-05 11:45:43', NULL, 'zgz', 123),
	(595, '2020-12-05 11:45:43', '2020-12-05 11:45:43', NULL, 'zgz', 123),
	(596, '2020-12-05 11:45:43', '2020-12-05 11:45:43', NULL, 'zgz', 123),
	(597, '2020-12-05 11:45:43', '2020-12-05 11:45:43', NULL, 'zgz', 123),
	(598, '2020-12-05 11:45:43', '2020-12-05 11:45:43', NULL, 'zgz', 123),
	(599, '2020-12-05 11:45:43', '2020-12-05 11:45:43', NULL, 'zgz', 123),
	(600, '2020-12-05 11:45:43', '2020-12-05 11:45:43', NULL, 'zgz', 123),
	(601, '2020-12-05 11:45:43', '2020-12-05 11:45:43', NULL, 'zgz', 123),
	(602, '2020-12-05 11:45:43', '2020-12-05 11:45:43', NULL, 'zgz', 123),
	(603, '2020-12-05 11:45:43', '2020-12-05 11:45:43', NULL, 'zgz', 123),
	(604, '2020-12-05 11:45:43', '2020-12-05 11:45:43', NULL, 'zgz', 123),
	(605, '2020-12-05 11:45:43', '2020-12-05 11:45:43', NULL, 'zgz', 123),
	(606, '2020-12-05 11:45:43', '2020-12-05 11:45:43', NULL, 'zgz', 123),
	(607, '2020-12-05 11:45:43', '2020-12-05 11:45:43', NULL, 'zgz', 123),
	(608, '2020-12-05 11:45:43', '2020-12-05 11:45:43', NULL, 'zgz', 123),
	(609, '2020-12-05 11:45:43', '2020-12-05 11:45:43', NULL, 'zgz', 123),
	(610, '2020-12-05 11:45:43', '2020-12-05 11:45:43', NULL, 'zgz', 123),
	(611, '2020-12-05 11:45:43', '2020-12-05 11:45:43', NULL, 'zgz', 123),
	(612, '2020-12-05 11:45:43', '2020-12-05 11:45:43', NULL, 'zgz', 123),
	(613, '2020-12-05 11:45:43', '2020-12-05 11:45:43', NULL, 'zgz', 123),
	(614, '2020-12-05 11:45:43', '2020-12-05 11:45:43', NULL, 'zgz', 123),
	(615, '2020-12-05 11:45:43', '2020-12-05 11:45:43', NULL, 'zgz', 123),
	(616, '2020-12-05 11:45:43', '2020-12-05 11:45:43', NULL, 'zgz', 123),
	(617, '2020-12-05 11:45:43', '2020-12-05 11:45:43', NULL, 'zgz', 123),
	(618, '2020-12-05 11:45:43', '2020-12-05 11:45:43', NULL, 'zgz', 123),
	(619, '2020-12-05 11:45:43', '2020-12-05 11:45:43', NULL, 'zgz', 123),
	(620, '2020-12-05 11:45:43', '2020-12-05 11:45:43', NULL, 'zgz', 123),
	(621, '2020-12-05 11:45:43', '2020-12-05 11:45:43', NULL, 'zgz', 123),
	(622, '2020-12-05 11:45:43', '2020-12-05 11:45:43', NULL, 'zgz', 123),
	(623, '2020-12-05 11:45:43', '2020-12-05 11:45:43', NULL, 'zgz', 123),
	(624, '2020-12-05 11:45:43', '2020-12-05 11:45:43', NULL, 'zgz', 123),
	(625, '2020-12-05 11:45:43', '2020-12-05 11:45:43', NULL, 'zgz', 123),
	(626, '2020-12-05 11:45:43', '2020-12-05 11:45:43', NULL, 'zgz', 123),
	(627, '2020-12-05 11:45:43', '2020-12-05 11:45:43', NULL, 'zgz', 123),
	(628, '2020-12-05 11:45:43', '2020-12-05 11:45:43', NULL, 'zgz', 123),
	(629, '2020-12-05 11:45:43', '2020-12-05 11:45:43', NULL, 'zgz', 123),
	(630, '2020-12-05 11:45:43', '2020-12-05 11:45:43', NULL, 'zgz', 123),
	(631, '2020-12-05 11:45:43', '2020-12-05 11:45:43', NULL, 'zgz', 123),
	(632, '2020-12-05 11:45:43', '2020-12-05 11:45:43', NULL, 'zgz', 123),
	(633, '2020-12-05 11:45:43', '2020-12-05 11:45:43', NULL, 'zgz', 123),
	(634, '2020-12-05 11:45:43', '2020-12-05 11:45:43', NULL, 'zgz', 123),
	(635, '2020-12-05 11:45:43', '2020-12-05 11:45:43', NULL, 'zgz', 123),
	(636, '2020-12-05 11:45:43', '2020-12-05 11:45:43', NULL, 'zgz', 123),
	(637, '2020-12-05 11:45:43', '2020-12-05 11:45:43', NULL, 'zgz', 123),
	(638, '2020-12-05 11:45:43', '2020-12-05 11:45:43', NULL, 'zgz', 123),
	(639, '2020-12-05 11:45:43', '2020-12-05 11:45:43', NULL, 'zgz', 123),
	(640, '2020-12-05 11:45:43', '2020-12-05 11:45:43', NULL, 'zgz', 123),
	(641, '2020-12-05 11:45:43', '2020-12-05 11:45:43', NULL, 'zgz', 123),
	(642, '2020-12-05 11:45:43', '2020-12-05 11:45:43', NULL, 'zgz', 123),
	(643, '2020-12-05 11:45:43', '2020-12-05 11:45:43', NULL, 'zgz', 123),
	(644, '2020-12-05 11:45:43', '2020-12-05 11:45:43', NULL, 'zgz', 123),
	(645, '2020-12-05 11:45:43', '2020-12-05 11:45:43', NULL, 'zgz', 123),
	(646, '2020-12-05 11:45:43', '2020-12-05 11:45:43', NULL, 'zgz', 123),
	(647, '2020-12-05 11:45:43', '2020-12-05 11:45:43', NULL, 'zgz', 123),
	(648, '2020-12-05 11:45:43', '2020-12-05 11:45:43', NULL, 'zgz', 123),
	(649, '2020-12-05 11:45:43', '2020-12-05 11:45:43', NULL, 'zgz', 123),
	(650, '2020-12-05 11:45:43', '2020-12-05 11:45:43', NULL, 'zgz', 123),
	(651, '2020-12-05 11:45:43', '2020-12-05 11:45:43', NULL, 'zgz', 123),
	(652, '2020-12-05 11:45:43', '2020-12-05 11:45:43', NULL, 'zgz', 123),
	(653, '2020-12-05 11:45:43', '2020-12-05 11:45:43', NULL, 'zgz', 123),
	(654, '2020-12-05 11:45:43', '2020-12-05 11:45:43', NULL, 'zgz', 123),
	(655, '2020-12-05 11:45:43', '2020-12-05 11:45:43', NULL, 'zgz', 123),
	(656, '2020-12-05 11:45:43', '2020-12-05 11:45:43', NULL, 'zgz', 123),
	(657, '2020-12-05 11:45:43', '2020-12-05 11:45:43', NULL, 'zgz', 123),
	(658, '2020-12-05 11:45:43', '2020-12-05 11:45:43', NULL, 'zgz', 123),
	(659, '2020-12-05 11:45:43', '2020-12-05 11:45:43', NULL, 'zgz', 123),
	(660, '2020-12-05 11:45:43', '2020-12-05 11:45:43', NULL, 'zgz', 123),
	(661, '2020-12-05 11:45:43', '2020-12-05 11:45:43', NULL, 'zgz', 123),
	(662, '2020-12-05 11:45:43', '2020-12-05 11:45:43', NULL, 'zgz', 123),
	(663, '2020-12-05 11:45:43', '2020-12-05 11:45:43', NULL, 'zgz', 123),
	(664, '2020-12-05 11:45:43', '2020-12-05 11:45:43', NULL, 'zgz', 123),
	(665, '2020-12-05 11:45:43', '2020-12-05 11:45:43', NULL, 'zgz', 123),
	(666, '2020-12-05 11:45:43', '2020-12-05 11:45:43', NULL, 'zgz', 123),
	(667, '2020-12-05 11:45:43', '2020-12-05 11:45:43', NULL, 'zgz', 123),
	(668, '2020-12-05 11:45:43', '2020-12-05 11:45:43', NULL, 'zgz', 123),
	(669, '2020-12-05 11:45:43', '2020-12-05 11:45:43', NULL, 'zgz', 123),
	(670, '2020-12-05 11:45:43', '2020-12-05 11:45:43', NULL, 'zgz', 123),
	(671, '2020-12-05 11:45:43', '2020-12-05 11:45:43', NULL, 'zgz', 123),
	(672, '2020-12-05 11:45:43', '2020-12-05 11:45:43', NULL, 'zgz', 123),
	(673, '2020-12-05 11:45:43', '2020-12-05 11:45:43', NULL, 'zgz', 123),
	(674, '2020-12-05 11:45:43', '2020-12-05 11:45:43', NULL, 'zgz', 123),
	(675, '2020-12-05 11:45:43', '2020-12-05 11:45:43', NULL, 'zgz', 123),
	(676, '2020-12-05 11:45:43', '2020-12-05 11:45:43', NULL, 'zgz', 123),
	(677, '2020-12-05 11:45:43', '2020-12-05 11:45:43', NULL, 'zgz', 123),
	(678, '2020-12-05 11:45:43', '2020-12-05 11:45:43', NULL, 'zgz', 123),
	(679, '2020-12-05 11:45:43', '2020-12-05 11:45:43', NULL, 'zgz', 123),
	(680, '2020-12-05 11:45:43', '2020-12-05 11:45:43', NULL, 'zgz', 123),
	(681, '2020-12-05 11:45:43', '2020-12-05 11:45:43', NULL, 'zgz', 123),
	(682, '2020-12-05 11:45:43', '2020-12-05 11:45:43', NULL, 'zgz', 123),
	(683, '2020-12-05 11:45:43', '2020-12-05 11:45:43', NULL, 'zgz', 123),
	(684, '2020-12-05 11:45:43', '2020-12-05 11:45:43', NULL, 'zgz', 123),
	(685, '2020-12-05 11:45:43', '2020-12-05 11:45:43', NULL, 'zgz', 123),
	(686, '2020-12-05 11:45:43', '2020-12-05 11:45:43', NULL, 'zgz', 123),
	(687, '2020-12-05 11:45:43', '2020-12-05 11:45:43', NULL, 'zgz', 123),
	(688, '2020-12-05 11:45:43', '2020-12-05 11:45:43', NULL, 'zgz', 123),
	(689, '2020-12-05 11:45:43', '2020-12-05 11:45:43', NULL, 'zgz', 123),
	(690, '2020-12-05 11:45:43', '2020-12-05 11:45:43', NULL, 'zgz', 123),
	(691, '2020-12-05 11:45:43', '2020-12-05 11:45:43', NULL, 'zgz', 123),
	(692, '2020-12-05 11:45:43', '2020-12-05 11:45:43', NULL, 'zgz', 123),
	(693, '2020-12-05 11:45:43', '2020-12-05 11:45:43', NULL, 'zgz', 123),
	(694, '2020-12-05 11:45:43', '2020-12-05 11:45:43', NULL, 'zgz', 123),
	(695, '2020-12-05 11:45:43', '2020-12-05 11:45:43', NULL, 'zgz', 123),
	(696, '2020-12-05 11:45:43', '2020-12-05 11:45:43', NULL, 'zgz', 123),
	(697, '2020-12-05 11:45:43', '2020-12-05 11:45:43', NULL, 'zgz', 123),
	(698, '2020-12-05 11:45:43', '2020-12-05 11:45:43', NULL, 'zgz', 123),
	(699, '2020-12-05 11:45:43', '2020-12-05 11:45:43', NULL, 'zgz', 123),
	(700, '2020-12-05 11:45:43', '2020-12-05 11:45:43', NULL, 'zgz', 123),
	(701, '2020-12-05 11:45:43', '2020-12-05 11:45:43', NULL, 'zgz', 123),
	(702, '2020-12-05 11:45:43', '2020-12-05 11:45:43', NULL, 'zgz', 123),
	(703, '2020-12-05 11:45:43', '2020-12-05 11:45:43', NULL, 'zgz', 123),
	(704, '2020-12-05 11:45:43', '2020-12-05 11:45:43', NULL, 'zgz', 123),
	(705, '2020-12-05 11:45:43', '2020-12-05 11:45:43', NULL, 'zgz', 123),
	(706, '2020-12-05 11:45:43', '2020-12-05 11:45:43', NULL, 'zgz', 123),
	(707, '2020-12-05 11:45:43', '2020-12-05 11:45:43', NULL, 'zgz', 123),
	(708, '2020-12-05 11:45:43', '2020-12-05 11:45:43', NULL, 'zgz', 123),
	(709, '2020-12-05 11:45:43', '2020-12-05 11:45:43', NULL, 'zgz', 123),
	(710, '2020-12-05 11:45:43', '2020-12-05 11:45:43', NULL, 'zgz', 123),
	(711, '2020-12-05 11:45:43', '2020-12-05 11:45:43', NULL, 'zgz', 123),
	(712, '2020-12-05 11:45:43', '2020-12-05 11:45:43', NULL, 'zgz', 123),
	(713, '2020-12-05 11:45:43', '2020-12-05 11:45:43', NULL, 'zgz', 123),
	(714, '2020-12-05 11:45:43', '2020-12-05 11:45:43', NULL, 'zgz', 123),
	(715, '2020-12-05 11:45:43', '2020-12-05 11:45:43', NULL, 'zgz', 123),
	(716, '2020-12-05 11:45:43', '2020-12-05 11:45:43', NULL, 'zgz', 123),
	(717, '2020-12-05 11:45:43', '2020-12-05 11:45:43', NULL, 'zgz', 123),
	(718, '2020-12-05 11:45:43', '2020-12-05 11:45:43', NULL, 'zgz', 123),
	(719, '2020-12-05 11:45:43', '2020-12-05 11:45:43', NULL, 'zgz', 123),
	(720, '2020-12-05 11:45:43', '2020-12-05 11:45:43', NULL, 'zgz', 123),
	(721, '2020-12-05 11:45:43', '2020-12-05 11:45:43', NULL, 'zgz', 123),
	(722, '2020-12-05 11:45:43', '2020-12-05 11:45:43', NULL, 'zgz', 123),
	(723, '2020-12-05 11:45:43', '2020-12-05 11:45:43', NULL, 'zgz', 123),
	(724, '2020-12-05 11:45:43', '2020-12-05 11:45:43', NULL, 'zgz', 123),
	(725, '2020-12-05 11:45:43', '2020-12-05 11:45:43', NULL, 'zgz', 123),
	(726, '2020-12-05 11:45:43', '2020-12-05 11:45:43', NULL, 'zgz', 123),
	(727, '2020-12-05 11:45:43', '2020-12-05 11:45:43', NULL, 'zgz', 123),
	(728, '2020-12-05 11:45:43', '2020-12-05 11:45:43', NULL, 'zgz', 123),
	(729, '2020-12-05 11:45:43', '2020-12-05 11:45:43', NULL, 'zgz', 123),
	(730, '2020-12-05 11:45:43', '2020-12-05 11:45:43', NULL, 'zgz', 123),
	(731, '2020-12-05 11:45:43', '2020-12-05 11:45:43', NULL, 'zgz', 123),
	(732, '2020-12-05 11:45:43', '2020-12-05 11:45:43', NULL, 'zgz', 123),
	(733, '2020-12-05 11:45:43', '2020-12-05 11:45:43', NULL, 'zgz', 123),
	(734, '2020-12-05 11:45:43', '2020-12-05 11:45:43', NULL, 'zgz', 123),
	(735, '2020-12-05 11:45:43', '2020-12-05 11:45:43', NULL, 'zgz', 123),
	(736, '2020-12-05 11:45:43', '2020-12-05 11:45:43', NULL, 'zgz', 123),
	(737, '2020-12-05 11:45:43', '2020-12-05 11:45:43', NULL, 'zgz', 123),
	(738, '2020-12-05 11:45:43', '2020-12-05 11:45:43', NULL, 'zgz', 123),
	(739, '2020-12-05 11:45:43', '2020-12-05 11:45:43', NULL, 'zgz', 123),
	(740, '2020-12-05 11:45:43', '2020-12-05 11:45:43', NULL, 'zgz', 123),
	(741, '2020-12-05 11:45:43', '2020-12-05 11:45:43', NULL, 'zgz', 123),
	(742, '2020-12-05 11:45:43', '2020-12-05 11:45:43', NULL, 'zgz', 123),
	(743, '2020-12-05 11:45:43', '2020-12-05 11:45:43', NULL, 'zgz', 123),
	(744, '2020-12-05 11:45:43', '2020-12-05 11:45:43', NULL, 'zgz', 123),
	(745, '2020-12-05 11:45:43', '2020-12-05 11:45:43', NULL, 'zgz', 123),
	(746, '2020-12-05 11:45:43', '2020-12-05 11:45:43', NULL, 'zgz', 123),
	(747, '2020-12-05 11:45:43', '2020-12-05 11:45:43', NULL, 'zgz', 123),
	(748, '2020-12-05 11:45:43', '2020-12-05 11:45:43', NULL, 'zgz', 123),
	(749, '2020-12-05 11:45:43', '2020-12-05 11:45:43', NULL, 'zgz', 123),
	(750, '2020-12-05 11:45:43', '2020-12-05 11:45:43', NULL, 'zgz', 123),
	(751, '2020-12-05 11:45:43', '2020-12-05 11:45:43', NULL, 'zgz', 123),
	(752, '2020-12-05 11:45:43', '2020-12-05 11:45:43', NULL, 'zgz', 123),
	(753, '2020-12-05 11:45:43', '2020-12-05 11:45:43', NULL, 'zgz', 123),
	(754, '2020-12-05 11:45:43', '2020-12-05 11:45:43', NULL, 'zgz', 123),
	(755, '2020-12-05 11:45:43', '2020-12-05 11:45:43', NULL, 'zgz', 123),
	(756, '2020-12-05 11:45:43', '2020-12-05 11:45:43', NULL, 'zgz', 123),
	(757, '2020-12-05 11:45:43', '2020-12-05 11:45:43', NULL, 'zgz', 123),
	(758, '2020-12-05 11:45:43', '2020-12-05 11:45:43', NULL, 'zgz', 123),
	(759, '2020-12-05 11:45:43', '2020-12-05 11:45:43', NULL, 'zgz', 123),
	(760, '2020-12-05 11:45:43', '2020-12-05 11:45:43', NULL, 'zgz', 123),
	(761, '2020-12-05 11:45:43', '2020-12-05 11:45:43', NULL, 'zgz', 123),
	(762, '2020-12-05 11:45:43', '2020-12-05 11:45:43', NULL, 'zgz', 123),
	(763, '2020-12-05 11:45:43', '2020-12-05 11:45:43', NULL, 'zgz', 123),
	(764, '2020-12-05 11:45:43', '2020-12-05 11:45:43', NULL, 'zgz', 123),
	(765, '2020-12-05 11:45:43', '2020-12-05 11:45:43', NULL, 'zgz', 123),
	(766, '2020-12-05 11:45:43', '2020-12-05 11:45:43', NULL, 'zgz', 123),
	(767, '2020-12-05 11:45:43', '2020-12-05 11:45:43', NULL, 'zgz', 123),
	(768, '2020-12-05 11:45:43', '2020-12-05 11:45:43', NULL, 'zgz', 123),
	(769, '2020-12-05 11:45:43', '2020-12-05 11:45:43', NULL, 'zgz', 123),
	(770, '2020-12-05 11:45:43', '2020-12-05 11:45:43', NULL, 'zgz', 123),
	(771, '2020-12-05 11:45:43', '2020-12-05 11:45:43', NULL, 'zgz', 123),
	(772, '2020-12-05 11:45:43', '2020-12-05 11:45:43', NULL, 'zgz', 123),
	(773, '2020-12-05 11:45:43', '2020-12-05 11:45:43', NULL, 'zgz', 123),
	(774, '2020-12-05 11:45:43', '2020-12-05 11:45:43', NULL, 'zgz', 123),
	(775, '2020-12-05 11:45:43', '2020-12-05 11:45:43', NULL, 'zgz', 123),
	(776, '2020-12-05 11:45:43', '2020-12-05 11:45:43', NULL, 'zgz', 123),
	(777, '2020-12-05 11:45:43', '2020-12-05 11:45:43', NULL, 'zgz', 123),
	(778, '2020-12-05 11:45:43', '2020-12-05 11:45:43', NULL, 'zgz', 123),
	(779, '2020-12-05 11:45:43', '2020-12-05 11:45:43', NULL, 'zgz', 123),
	(780, '2020-12-05 11:45:43', '2020-12-05 11:45:43', NULL, 'zgz', 123),
	(781, '2020-12-05 11:45:43', '2020-12-05 11:45:43', NULL, 'zgz', 123),
	(782, '2020-12-05 11:45:43', '2020-12-05 11:45:43', NULL, 'zgz', 123),
	(783, '2020-12-05 11:45:43', '2020-12-05 11:45:43', NULL, 'zgz', 123),
	(784, '2020-12-05 11:45:43', '2020-12-05 11:45:43', NULL, 'zgz', 123),
	(785, '2020-12-05 11:45:43', '2020-12-05 11:45:43', NULL, 'zgz', 123),
	(786, '2020-12-05 11:45:43', '2020-12-05 11:45:43', NULL, 'zgz', 123),
	(787, '2020-12-05 11:45:43', '2020-12-05 11:45:43', NULL, 'zgz', 123),
	(788, '2020-12-05 11:45:43', '2020-12-05 11:45:43', NULL, 'zgz', 123),
	(789, '2020-12-05 11:45:43', '2020-12-05 11:45:43', NULL, 'zgz', 123),
	(790, '2020-12-05 11:45:43', '2020-12-05 11:45:43', NULL, 'zgz', 123),
	(791, '2020-12-05 11:45:43', '2020-12-05 11:45:43', NULL, 'zgz', 123),
	(792, '2020-12-05 11:45:43', '2020-12-05 11:45:43', NULL, 'zgz', 123),
	(793, '2020-12-05 11:45:43', '2020-12-05 11:45:43', NULL, 'zgz', 123),
	(794, '2020-12-05 11:45:43', '2020-12-05 11:45:43', NULL, 'zgz', 123),
	(795, '2020-12-05 11:45:43', '2020-12-05 11:45:43', NULL, 'zgz', 123),
	(796, '2020-12-05 11:45:43', '2020-12-05 11:45:43', NULL, 'zgz', 123),
	(797, '2020-12-05 11:45:43', '2020-12-05 11:45:43', NULL, 'zgz', 123),
	(798, '2020-12-05 11:45:43', '2020-12-05 11:45:43', NULL, 'zgz', 123),
	(799, '2020-12-05 11:45:43', '2020-12-05 11:45:43', NULL, 'zgz', 123),
	(800, '2020-12-05 11:45:43', '2020-12-05 11:45:43', NULL, 'zgz', 123),
	(801, '2020-12-05 11:45:43', '2020-12-05 11:45:43', NULL, 'zgz', 123),
	(802, '2020-12-05 11:45:43', '2020-12-05 11:45:43', NULL, 'zgz', 123),
	(803, '2020-12-05 11:45:43', '2020-12-05 11:45:43', NULL, 'zgz', 123),
	(804, '2020-12-05 11:45:43', '2020-12-05 11:45:43', NULL, 'zgz', 123),
	(805, '2020-12-05 11:45:43', '2020-12-05 11:45:43', NULL, 'zgz', 123),
	(806, '2020-12-05 11:45:43', '2020-12-05 11:45:43', NULL, 'zgz', 123),
	(807, '2020-12-05 11:45:43', '2020-12-05 11:45:43', NULL, 'zgz', 123),
	(808, '2020-12-05 11:45:43', '2020-12-05 11:45:43', NULL, 'zgz', 123),
	(809, '2020-12-05 11:45:43', '2020-12-05 11:45:43', NULL, 'zgz', 123),
	(810, '2020-12-05 11:45:43', '2020-12-05 11:45:43', NULL, 'zgz', 123),
	(811, '2020-12-05 11:45:43', '2020-12-05 11:45:43', NULL, 'zgz', 123),
	(812, '2020-12-05 11:45:43', '2020-12-05 11:45:43', NULL, 'zgz', 123),
	(813, '2020-12-05 11:45:43', '2020-12-05 11:45:43', NULL, 'zgz', 123),
	(814, '2020-12-05 11:45:43', '2020-12-05 11:45:43', NULL, 'zgz', 123),
	(815, '2020-12-05 11:45:43', '2020-12-05 11:45:43', NULL, 'zgz', 123),
	(816, '2020-12-05 11:45:43', '2020-12-05 11:45:43', NULL, 'zgz', 123),
	(817, '2020-12-05 11:45:43', '2020-12-05 11:45:43', NULL, 'zgz', 123),
	(818, '2020-12-05 11:45:43', '2020-12-05 11:45:43', NULL, 'zgz', 123),
	(819, '2020-12-05 11:45:43', '2020-12-05 11:45:43', NULL, 'zgz', 123),
	(820, '2020-12-05 11:45:43', '2020-12-05 11:45:43', NULL, 'zgz', 123),
	(821, '2020-12-05 11:45:43', '2020-12-05 11:45:43', NULL, 'zgz', 123),
	(822, '2020-12-05 11:45:43', '2020-12-05 11:45:43', NULL, 'zgz', 123),
	(823, '2020-12-05 11:45:43', '2020-12-05 11:45:43', NULL, 'zgz', 123),
	(824, '2020-12-05 11:45:43', '2020-12-05 11:45:43', NULL, 'zgz', 123),
	(825, '2020-12-05 11:45:43', '2020-12-05 11:45:43', NULL, 'zgz', 123),
	(826, '2020-12-05 11:45:43', '2020-12-05 11:45:43', NULL, 'zgz', 123),
	(827, '2020-12-05 11:45:43', '2020-12-05 11:45:43', NULL, 'zgz', 123),
	(828, '2020-12-05 11:45:43', '2020-12-05 11:45:43', NULL, 'zgz', 123),
	(829, '2020-12-05 11:45:43', '2020-12-05 11:45:43', NULL, 'zgz', 123),
	(830, '2020-12-05 11:45:43', '2020-12-05 11:45:43', NULL, 'zgz', 123),
	(831, '2020-12-05 11:45:43', '2020-12-05 11:45:43', NULL, 'zgz', 123),
	(832, '2020-12-05 11:45:43', '2020-12-05 11:45:43', NULL, 'zgz', 123),
	(833, '2020-12-05 11:45:43', '2020-12-05 11:45:43', NULL, 'zgz', 123),
	(834, '2020-12-05 11:45:43', '2020-12-05 11:45:43', NULL, 'zgz', 123),
	(835, '2020-12-05 11:45:43', '2020-12-05 11:45:43', NULL, 'zgz', 123),
	(836, '2020-12-05 11:45:43', '2020-12-05 11:45:43', NULL, 'zgz', 123),
	(837, '2020-12-05 11:45:43', '2020-12-05 11:45:43', NULL, 'zgz', 123),
	(838, '2020-12-05 11:45:43', '2020-12-05 11:45:43', NULL, 'zgz', 123),
	(839, '2020-12-05 11:45:43', '2020-12-05 11:45:43', NULL, 'zgz', 123),
	(840, '2020-12-05 11:45:43', '2020-12-05 11:45:43', NULL, 'zgz', 123),
	(841, '2020-12-05 11:45:43', '2020-12-05 11:45:43', NULL, 'zgz', 123),
	(842, '2020-12-05 11:45:43', '2020-12-05 11:45:43', NULL, 'zgz', 123),
	(843, '2020-12-05 11:45:43', '2020-12-05 11:45:43', NULL, 'zgz', 123),
	(844, '2020-12-05 11:45:43', '2020-12-05 11:45:43', NULL, 'zgz', 123),
	(845, '2020-12-05 11:45:43', '2020-12-05 11:45:43', NULL, 'zgz', 123),
	(846, '2020-12-05 11:45:43', '2020-12-05 11:45:43', NULL, 'zgz', 123),
	(847, '2020-12-05 11:45:43', '2020-12-05 11:45:43', NULL, 'zgz', 123),
	(848, '2020-12-05 11:45:43', '2020-12-05 11:45:43', NULL, 'zgz', 123),
	(849, '2020-12-05 11:45:43', '2020-12-05 11:45:43', NULL, 'zgz', 123),
	(850, '2020-12-05 11:45:43', '2020-12-05 11:45:43', NULL, 'zgz', 123),
	(851, '2020-12-05 11:45:43', '2020-12-05 11:45:43', NULL, 'zgz', 123),
	(852, '2020-12-05 11:45:43', '2020-12-05 11:45:43', NULL, 'zgz', 123),
	(853, '2020-12-05 11:45:43', '2020-12-05 11:45:43', NULL, 'zgz', 123),
	(854, '2020-12-05 11:45:43', '2020-12-05 11:45:43', NULL, 'zgz', 123),
	(855, '2020-12-05 11:45:43', '2020-12-05 11:45:43', NULL, 'zgz', 123),
	(856, '2020-12-05 11:45:43', '2020-12-05 11:45:43', NULL, 'zgz', 123),
	(857, '2020-12-05 11:45:43', '2020-12-05 11:45:43', NULL, 'zgz', 123),
	(858, '2020-12-05 11:45:43', '2020-12-05 11:45:43', NULL, 'zgz', 123),
	(859, '2020-12-05 11:45:43', '2020-12-05 11:45:43', NULL, 'zgz', 123),
	(860, '2020-12-05 11:45:43', '2020-12-05 11:45:43', NULL, 'zgz', 123),
	(861, '2020-12-05 11:45:43', '2020-12-05 11:45:43', NULL, 'zgz', 123),
	(862, '2020-12-05 11:45:43', '2020-12-05 11:45:43', NULL, 'zgz', 123),
	(863, '2020-12-05 11:45:43', '2020-12-05 11:45:43', NULL, 'zgz', 123),
	(864, '2020-12-05 11:45:43', '2020-12-05 11:45:43', NULL, 'zgz', 123),
	(865, '2020-12-05 11:45:43', '2020-12-05 11:45:43', NULL, 'zgz', 123),
	(866, '2020-12-05 11:45:43', '2020-12-05 11:45:43', NULL, 'zgz', 123),
	(867, '2020-12-05 11:45:43', '2020-12-05 11:45:43', NULL, 'zgz', 123),
	(868, '2020-12-05 11:45:43', '2020-12-05 11:45:43', NULL, 'zgz', 123),
	(869, '2020-12-05 11:45:43', '2020-12-05 11:45:43', NULL, 'zgz', 123),
	(870, '2020-12-05 11:45:43', '2020-12-05 11:45:43', NULL, 'zgz', 123),
	(871, '2020-12-05 11:45:43', '2020-12-05 11:45:43', NULL, 'zgz', 123),
	(872, '2020-12-05 11:45:43', '2020-12-05 11:45:43', NULL, 'zgz', 123),
	(873, '2020-12-05 11:45:43', '2020-12-05 11:45:43', NULL, 'zgz', 123),
	(874, '2020-12-05 11:45:43', '2020-12-05 11:45:43', NULL, 'zgz', 123),
	(875, '2020-12-05 11:45:43', '2020-12-05 11:45:43', NULL, 'zgz', 123),
	(876, '2020-12-05 11:45:43', '2020-12-05 11:45:43', NULL, 'zgz', 123),
	(877, '2020-12-05 11:45:43', '2020-12-05 11:45:43', NULL, 'zgz', 123),
	(878, '2020-12-05 11:45:43', '2020-12-05 11:45:43', NULL, 'zgz', 123),
	(879, '2020-12-05 11:45:43', '2020-12-05 11:45:43', NULL, 'zgz', 123),
	(880, '2020-12-05 11:45:43', '2020-12-05 11:45:43', NULL, 'zgz', 123),
	(881, '2020-12-05 11:45:43', '2020-12-05 11:45:43', NULL, 'zgz', 123),
	(882, '2020-12-05 11:45:43', '2020-12-05 11:45:43', NULL, 'zgz', 123),
	(883, '2020-12-05 11:45:43', '2020-12-05 11:45:43', NULL, 'zgz', 123),
	(884, '2020-12-05 11:45:43', '2020-12-05 11:45:43', NULL, 'zgz', 123),
	(885, '2020-12-05 11:45:43', '2020-12-05 11:45:43', NULL, 'zgz', 123),
	(886, '2020-12-05 11:45:43', '2020-12-05 11:45:43', NULL, 'zgz', 123),
	(887, '2020-12-05 11:45:43', '2020-12-05 11:45:43', NULL, 'zgz', 123),
	(888, '2020-12-05 11:45:43', '2020-12-05 11:45:43', NULL, 'zgz', 123),
	(889, '2020-12-05 11:45:43', '2020-12-05 11:45:43', NULL, 'zgz', 123),
	(890, '2020-12-05 11:45:43', '2020-12-05 11:45:43', NULL, 'zgz', 123),
	(891, '2020-12-05 11:45:43', '2020-12-05 11:45:43', NULL, 'zgz', 123),
	(892, '2020-12-05 11:45:43', '2020-12-05 11:45:43', NULL, 'zgz', 123),
	(893, '2020-12-05 11:45:43', '2020-12-05 11:45:43', NULL, 'zgz', 123),
	(894, '2020-12-05 11:45:43', '2020-12-05 11:45:43', NULL, 'zgz', 123),
	(895, '2020-12-05 11:45:43', '2020-12-05 11:45:43', NULL, 'zgz', 123),
	(896, '2020-12-05 11:45:43', '2020-12-05 11:45:43', NULL, 'zgz', 123),
	(897, '2020-12-05 11:45:43', '2020-12-05 11:45:43', NULL, 'zgz', 123),
	(898, '2020-12-05 11:45:43', '2020-12-05 11:45:43', NULL, 'zgz', 123),
	(899, '2020-12-05 11:45:43', '2020-12-05 11:45:43', NULL, 'zgz', 123),
	(900, '2020-12-05 11:45:43', '2020-12-05 11:45:43', NULL, 'zgz', 123),
	(901, '2020-12-05 11:45:43', '2020-12-05 11:45:43', NULL, 'zgz', 123),
	(902, '2020-12-05 11:45:43', '2020-12-05 11:45:43', NULL, 'zgz', 123),
	(903, '2020-12-05 11:45:43', '2020-12-05 11:45:43', NULL, 'zgz', 123),
	(904, '2020-12-05 11:45:43', '2020-12-05 11:45:43', NULL, 'zgz', 123),
	(905, '2020-12-05 11:45:43', '2020-12-05 11:45:43', NULL, 'zgz', 123),
	(906, '2020-12-05 11:45:43', '2020-12-05 11:45:43', NULL, 'zgz', 123),
	(907, '2020-12-05 11:45:43', '2020-12-05 11:45:43', NULL, 'zgz', 123),
	(908, '2020-12-05 11:45:43', '2020-12-05 11:45:43', NULL, 'zgz', 123),
	(909, '2020-12-05 11:45:43', '2020-12-05 11:45:43', NULL, 'zgz', 123),
	(910, '2020-12-05 11:45:43', '2020-12-05 11:45:43', NULL, 'zgz', 123),
	(911, '2020-12-05 11:45:43', '2020-12-05 11:45:43', NULL, 'zgz', 123),
	(912, '2020-12-05 11:45:43', '2020-12-05 11:45:43', NULL, 'zgz', 123),
	(913, '2020-12-05 11:45:43', '2020-12-05 11:45:43', NULL, 'zgz', 123),
	(914, '2020-12-05 11:45:43', '2020-12-05 11:45:43', NULL, 'zgz', 123),
	(915, '2020-12-05 11:45:43', '2020-12-05 11:45:43', NULL, 'zgz', 123),
	(916, '2020-12-05 11:45:43', '2020-12-05 11:45:43', NULL, 'zgz', 123),
	(917, '2020-12-05 11:45:43', '2020-12-05 11:45:43', NULL, 'zgz', 123),
	(918, '2020-12-05 11:45:43', '2020-12-05 11:45:43', NULL, 'zgz', 123),
	(919, '2020-12-05 11:45:43', '2020-12-05 11:45:43', NULL, 'zgz', 123),
	(920, '2020-12-05 11:45:43', '2020-12-05 11:45:43', NULL, 'zgz', 123),
	(921, '2020-12-05 11:45:43', '2020-12-05 11:45:43', NULL, 'zgz', 123),
	(922, '2020-12-05 11:45:43', '2020-12-05 11:45:43', NULL, 'zgz', 123),
	(923, '2020-12-05 11:45:43', '2020-12-05 11:45:43', NULL, 'zgz', 123),
	(924, '2020-12-05 11:45:43', '2020-12-05 11:45:43', NULL, 'zgz', 123),
	(925, '2020-12-05 11:45:43', '2020-12-05 11:45:43', NULL, 'zgz', 123),
	(926, '2020-12-05 11:45:43', '2020-12-05 11:45:43', NULL, 'zgz', 123),
	(927, '2020-12-05 11:45:43', '2020-12-05 11:45:43', NULL, 'zgz', 123),
	(928, '2020-12-05 11:45:43', '2020-12-05 11:45:43', NULL, 'zgz', 123),
	(929, '2020-12-05 11:45:43', '2020-12-05 11:45:43', NULL, 'zgz', 123),
	(930, '2020-12-05 11:45:43', '2020-12-05 11:45:43', NULL, 'zgz', 123),
	(931, '2020-12-05 11:45:43', '2020-12-05 11:45:43', NULL, 'zgz', 123),
	(932, '2020-12-05 11:45:43', '2020-12-05 11:45:43', NULL, 'zgz', 123),
	(933, '2020-12-05 11:45:43', '2020-12-05 11:45:43', NULL, 'zgz', 123),
	(934, '2020-12-05 11:45:43', '2020-12-05 11:45:43', NULL, 'zgz', 123),
	(935, '2020-12-05 11:45:43', '2020-12-05 11:45:43', NULL, 'zgz', 123),
	(936, '2020-12-05 11:45:43', '2020-12-05 11:45:43', NULL, 'zgz', 123),
	(937, '2020-12-05 11:45:43', '2020-12-05 11:45:43', NULL, 'zgz', 123),
	(938, '2020-12-05 11:45:43', '2020-12-05 11:45:43', NULL, 'zgz', 123),
	(939, '2020-12-05 11:45:43', '2020-12-05 11:45:43', NULL, 'zgz', 123),
	(940, '2020-12-05 11:45:43', '2020-12-05 11:45:43', NULL, 'zgz', 123),
	(941, '2020-12-05 11:45:43', '2020-12-05 11:45:43', NULL, 'zgz', 123),
	(942, '2020-12-05 11:45:43', '2020-12-05 11:45:43', NULL, 'zgz', 123),
	(943, '2020-12-05 11:45:43', '2020-12-05 11:45:43', NULL, 'zgz', 123),
	(944, '2020-12-05 11:45:43', '2020-12-05 11:45:43', NULL, 'zgz', 123),
	(945, '2020-12-05 11:45:43', '2020-12-05 11:45:43', NULL, 'zgz', 123),
	(946, '2020-12-05 11:45:43', '2020-12-05 11:45:43', NULL, 'zgz', 123),
	(947, '2020-12-05 11:45:43', '2020-12-05 11:45:43', NULL, 'zgz', 123),
	(948, '2020-12-05 11:45:43', '2020-12-05 11:45:43', NULL, 'zgz', 123),
	(949, '2020-12-05 11:45:43', '2020-12-05 11:45:43', NULL, 'zgz', 123),
	(950, '2020-12-05 11:45:43', '2020-12-05 11:45:43', NULL, 'zgz', 123),
	(951, '2020-12-05 11:45:43', '2020-12-05 11:45:43', NULL, 'zgz', 123),
	(952, '2020-12-05 11:45:43', '2020-12-05 11:45:43', NULL, 'zgz', 123),
	(953, '2020-12-05 11:45:43', '2020-12-05 11:45:43', NULL, 'zgz', 123),
	(954, '2020-12-05 11:45:43', '2020-12-05 11:45:43', NULL, 'zgz', 123),
	(955, '2020-12-05 11:45:43', '2020-12-05 11:45:43', NULL, 'zgz', 123),
	(956, '2020-12-05 11:45:43', '2020-12-05 11:45:43', NULL, 'zgz', 123),
	(957, '2020-12-05 11:45:43', '2020-12-05 11:45:43', NULL, 'zgz', 123),
	(958, '2020-12-05 11:45:43', '2020-12-05 11:45:43', NULL, 'zgz', 123),
	(959, '2020-12-05 11:45:43', '2020-12-05 11:45:43', NULL, 'zgz', 123),
	(960, '2020-12-05 11:45:43', '2020-12-05 11:45:43', NULL, 'zgz', 123),
	(961, '2020-12-05 11:45:43', '2020-12-05 11:45:43', NULL, 'zgz', 123),
	(962, '2020-12-05 11:45:43', '2020-12-05 11:45:43', NULL, 'zgz', 123),
	(963, '2020-12-05 11:45:43', '2020-12-05 11:45:43', NULL, 'zgz', 123),
	(964, '2020-12-05 11:45:43', '2020-12-05 11:45:43', NULL, 'zgz', 123),
	(965, '2020-12-05 11:45:43', '2020-12-05 11:45:43', NULL, 'zgz', 123),
	(966, '2020-12-05 11:45:43', '2020-12-05 11:45:43', NULL, 'zgz', 123),
	(967, '2020-12-05 11:45:43', '2020-12-05 11:45:43', NULL, 'zgz', 123),
	(968, '2020-12-05 11:45:43', '2020-12-05 11:45:43', NULL, 'zgz', 123),
	(969, '2020-12-05 11:45:43', '2020-12-05 11:45:43', NULL, 'zgz', 123),
	(970, '2020-12-05 11:45:43', '2020-12-05 11:45:43', NULL, 'zgz', 123),
	(971, '2020-12-05 11:45:43', '2020-12-05 11:45:43', NULL, 'zgz', 123),
	(972, '2020-12-05 11:45:43', '2020-12-05 11:45:43', NULL, 'zgz', 123),
	(973, '2020-12-05 11:45:43', '2020-12-05 11:45:43', NULL, 'zgz', 123),
	(974, '2020-12-05 11:45:43', '2020-12-05 11:45:43', NULL, 'zgz', 123),
	(975, '2020-12-05 11:45:43', '2020-12-05 11:45:43', NULL, 'zgz', 123),
	(976, '2020-12-05 11:45:43', '2020-12-05 11:45:43', NULL, 'zgz', 123),
	(977, '2020-12-05 11:45:43', '2020-12-05 11:45:43', NULL, 'zgz', 123),
	(978, '2020-12-05 11:45:43', '2020-12-05 11:45:43', NULL, 'zgz', 123),
	(979, '2020-12-05 11:45:43', '2020-12-05 11:45:43', NULL, 'zgz', 123),
	(980, '2020-12-05 11:45:43', '2020-12-05 11:45:43', NULL, 'zgz', 123),
	(981, '2020-12-05 11:45:43', '2020-12-05 11:45:43', NULL, 'zgz', 123),
	(982, '2020-12-05 11:45:43', '2020-12-05 11:45:43', NULL, 'zgz', 123),
	(983, '2020-12-05 11:45:43', '2020-12-05 11:45:43', NULL, 'zgz', 123),
	(984, '2020-12-05 11:45:43', '2020-12-05 11:45:43', NULL, 'zgz', 123),
	(985, '2020-12-05 11:45:43', '2020-12-05 11:45:43', NULL, 'zgz', 123),
	(986, '2020-12-05 11:45:43', '2020-12-05 11:45:43', NULL, 'zgz', 123),
	(987, '2020-12-05 11:45:43', '2020-12-05 11:45:43', NULL, 'zgz', 123),
	(988, '2020-12-05 11:45:43', '2020-12-05 11:45:43', NULL, 'zgz', 123),
	(989, '2020-12-05 11:45:43', '2020-12-05 11:45:43', NULL, 'zgz', 123),
	(990, '2020-12-05 11:45:43', '2020-12-05 11:45:43', NULL, 'zgz', 123),
	(991, '2020-12-05 11:45:43', '2020-12-05 11:45:43', NULL, 'zgz', 123),
	(992, '2020-12-05 11:45:43', '2020-12-05 11:45:43', NULL, 'zgz', 123),
	(993, '2020-12-05 11:45:43', '2020-12-05 11:45:43', NULL, 'zgz', 123),
	(994, '2020-12-05 11:45:43', '2020-12-05 11:45:43', NULL, 'zgz', 123),
	(995, '2020-12-05 11:45:43', '2020-12-05 11:45:43', NULL, 'zgz', 123),
	(996, '2020-12-05 11:45:43', '2020-12-05 11:45:43', NULL, 'zgz', 123),
	(997, '2020-12-05 11:45:43', '2020-12-05 11:45:43', NULL, 'zgz', 123),
	(998, '2020-12-05 11:45:43', '2020-12-05 11:45:43', NULL, 'zgz', 123),
	(999, '2020-12-05 11:45:43', '2020-12-05 11:45:43', NULL, 'zgz', 123),
	(1000, '2020-12-05 11:45:43', '2020-12-05 11:45:43', NULL, 'zgz', 123),
	(1001, '2020-12-05 11:45:43', '2020-12-05 11:45:43', NULL, 'zgz', 123);
/*!40000 ALTER TABLE `demo_code_generation` ENABLE KEYS */;

-- 导出  表 gva.exa_customers 结构
CREATE TABLE IF NOT EXISTS `exa_customers` (
  `id` bigint(20) unsigned NOT NULL AUTO_INCREMENT,
  `created_at` datetime DEFAULT NULL,
  `updated_at` datetime DEFAULT NULL,
  `deleted_at` datetime DEFAULT NULL,
  `customer_name` varchar(191) DEFAULT NULL COMMENT '客户名',
  `customer_phone_data` varchar(191) DEFAULT NULL COMMENT '客户手机号',
  `sys_user_id` bigint(20) unsigned DEFAULT NULL COMMENT '管理ID',
  `sys_user_authority_id` varchar(191) DEFAULT NULL COMMENT '管理角色ID',
  PRIMARY KEY (`id`),
  KEY `idx_exa_customers_deleted_at` (`deleted_at`)
) ENGINE=MyISAM AUTO_INCREMENT=2 DEFAULT CHARSET=utf8mb4;

-- 正在导出表  gva.exa_customers 的数据：1 rows
DELETE FROM `exa_customers`;
/*!40000 ALTER TABLE `exa_customers` DISABLE KEYS */;
INSERT INTO `exa_customers` (`id`, `created_at`, `updated_at`, `deleted_at`, `customer_name`, `customer_phone_data`, `sys_user_id`, `sys_user_authority_id`) VALUES
	(1, '2020-12-04 18:00:21', '2020-12-04 18:00:21', NULL, '测试客户', '1761111111', 1, '888');
/*!40000 ALTER TABLE `exa_customers` ENABLE KEYS */;

-- 导出  表 gva.exa_files 结构
CREATE TABLE IF NOT EXISTS `exa_files` (
  `id` bigint(20) unsigned NOT NULL AUTO_INCREMENT,
  `created_at` datetime DEFAULT NULL,
  `updated_at` datetime DEFAULT NULL,
  `deleted_at` datetime DEFAULT NULL,
  `file_name` varchar(191) DEFAULT NULL,
  `file_md5` varchar(191) DEFAULT NULL,
  `file_path` varchar(191) DEFAULT NULL,
  `chunk_total` bigint(20) DEFAULT NULL,
  `is_finish` tinyint(1) DEFAULT NULL,
  PRIMARY KEY (`id`),
  KEY `idx_exa_files_deleted_at` (`deleted_at`)
) ENGINE=MyISAM DEFAULT CHARSET=utf8mb4;

-- 正在导出表  gva.exa_files 的数据：0 rows
DELETE FROM `exa_files`;
/*!40000 ALTER TABLE `exa_files` DISABLE KEYS */;
/*!40000 ALTER TABLE `exa_files` ENABLE KEYS */;

-- 导出  表 gva.exa_file_chunks 结构
CREATE TABLE IF NOT EXISTS `exa_file_chunks` (
  `id` bigint(20) unsigned NOT NULL AUTO_INCREMENT,
  `created_at` datetime DEFAULT NULL,
  `updated_at` datetime DEFAULT NULL,
  `deleted_at` datetime DEFAULT NULL,
  `exa_file_id` bigint(20) unsigned DEFAULT NULL,
  `file_chunk_number` bigint(20) DEFAULT NULL,
  `file_chunk_path` varchar(191) DEFAULT NULL,
  PRIMARY KEY (`id`),
  KEY `idx_exa_file_chunks_deleted_at` (`deleted_at`)
) ENGINE=MyISAM DEFAULT CHARSET=utf8mb4;

-- 正在导出表  gva.exa_file_chunks 的数据：0 rows
DELETE FROM `exa_file_chunks`;
/*!40000 ALTER TABLE `exa_file_chunks` DISABLE KEYS */;
/*!40000 ALTER TABLE `exa_file_chunks` ENABLE KEYS */;

-- 导出  表 gva.exa_file_upload_and_downloads 结构
CREATE TABLE IF NOT EXISTS `exa_file_upload_and_downloads` (
  `id` bigint(20) unsigned NOT NULL AUTO_INCREMENT,
  `created_at` datetime DEFAULT NULL,
  `updated_at` datetime DEFAULT NULL,
  `deleted_at` datetime DEFAULT NULL,
  `name` varchar(191) DEFAULT NULL COMMENT '文件名',
  `url` varchar(191) DEFAULT NULL COMMENT '文件地址',
  `tag` varchar(191) DEFAULT NULL COMMENT '文件标签',
  `key` varchar(191) DEFAULT NULL COMMENT '编号',
  PRIMARY KEY (`id`),
  KEY `idx_exa_file_upload_and_downloads_deleted_at` (`deleted_at`)
) ENGINE=MyISAM AUTO_INCREMENT=76 DEFAULT CHARSET=utf8mb4;

-- 正在导出表  gva.exa_file_upload_and_downloads 的数据：7 rows
DELETE FROM `exa_file_upload_and_downloads`;
/*!40000 ALTER TABLE `exa_file_upload_and_downloads` DISABLE KEYS */;
INSERT INTO `exa_file_upload_and_downloads` (`id`, `created_at`, `updated_at`, `deleted_at`, `name`, `url`, `tag`, `key`) VALUES
	(73, '2020-12-05 15:05:21', '2020-12-05 15:05:21', NULL, 'icon.png', 'http://localhost:9000/public/20201205/1607151920icon.png', 'png', '20201205/1607151920icon.png'),
	(72, '2020-12-05 15:05:21', '2020-12-05 15:05:21', NULL, 'grass.png', 'http://localhost:9000/public/20201205/1607151920grass.png', 'png', '20201205/1607151920grass.png'),
	(71, '2020-12-05 15:05:21', '2020-12-05 15:05:21', NULL, 'dirt.png', 'http://localhost:9000/public/20201205/1607151920dirt.png', 'png', '20201205/1607151920dirt.png'),
	(70, '2020-12-05 15:05:21', '2020-12-05 15:05:21', NULL, 'colors.png', 'http://localhost:9000/public/20201205/1607151920colors.png', 'png', '20201205/1607151920colors.png'),
	(69, '2020-12-05 15:05:21', '2020-12-05 15:05:21', NULL, 'grass_dirt.png', 'http://localhost:9000/public/20201205/1607151920grass_dirt.png', 'png', '20201205/1607151920grass_dirt.png'),
	(67, '2020-12-05 12:18:45', '2020-12-05 12:18:45', NULL, '10.png', 'http://localhost:9000/public/20201205/160714192510.png', 'png', '20201205/160714192510.png'),
	(68, '2020-12-05 12:18:58', '2020-12-05 12:18:58', NULL, '1.txt', 'http://localhost:9000/public/20201205/16071419381.txt', 'txt', '20201205/16071419381.txt');
/*!40000 ALTER TABLE `exa_file_upload_and_downloads` ENABLE KEYS */;

-- 导出  表 gva.exa_simple_uploaders 结构
CREATE TABLE IF NOT EXISTS `exa_simple_uploaders` (
  `chunk_number` varchar(191) DEFAULT NULL COMMENT '当前切片标记',
  `current_chunk_size` varchar(191) DEFAULT NULL COMMENT '当前切片容量',
  `current_chunk_path` varchar(191) DEFAULT NULL COMMENT '切片本地路径',
  `total_size` varchar(191) DEFAULT NULL COMMENT '总容量',
  `identifier` varchar(191) DEFAULT NULL COMMENT '文件标识（md5）',
  `filename` varchar(191) DEFAULT NULL COMMENT '文件名',
  `total_chunks` varchar(191) DEFAULT NULL COMMENT '切片总数',
  `is_done` tinyint(1) DEFAULT NULL COMMENT '是否上传完成',
  `file_path` varchar(191) DEFAULT NULL COMMENT '文件本地路径'
) ENGINE=MyISAM DEFAULT CHARSET=utf8mb4;

-- 正在导出表  gva.exa_simple_uploaders 的数据：0 rows
DELETE FROM `exa_simple_uploaders`;
/*!40000 ALTER TABLE `exa_simple_uploaders` DISABLE KEYS */;
/*!40000 ALTER TABLE `exa_simple_uploaders` ENABLE KEYS */;

-- 导出  表 gva.exa_wf_leaves 结构
CREATE TABLE IF NOT EXISTS `exa_wf_leaves` (
  `id` bigint(20) unsigned NOT NULL AUTO_INCREMENT,
  `created_at` datetime DEFAULT NULL,
  `updated_at` datetime DEFAULT NULL,
  `deleted_at` datetime DEFAULT NULL,
  `cause` varchar(191) DEFAULT NULL,
  `start_time` datetime DEFAULT NULL,
  `end_time` datetime DEFAULT NULL,
  PRIMARY KEY (`id`),
  KEY `idx_exa_wf_leaves_deleted_at` (`deleted_at`)
) ENGINE=MyISAM DEFAULT CHARSET=utf8mb4;

-- 正在导出表  gva.exa_wf_leaves 的数据：0 rows
DELETE FROM `exa_wf_leaves`;
/*!40000 ALTER TABLE `exa_wf_leaves` DISABLE KEYS */;
/*!40000 ALTER TABLE `exa_wf_leaves` ENABLE KEYS */;

-- 导出  表 gva.jwt_blacklists 结构
CREATE TABLE IF NOT EXISTS `jwt_blacklists` (
  `id` bigint(20) unsigned NOT NULL AUTO_INCREMENT,
  `created_at` datetime DEFAULT NULL,
  `updated_at` datetime DEFAULT NULL,
  `deleted_at` datetime DEFAULT NULL,
  `jwt` text COMMENT 'jwt',
  PRIMARY KEY (`id`),
  KEY `idx_jwt_blacklists_deleted_at` (`deleted_at`)
) ENGINE=MyISAM AUTO_INCREMENT=6 DEFAULT CHARSET=utf8mb4;

-- 正在导出表  gva.jwt_blacklists 的数据：5 rows
DELETE FROM `jwt_blacklists`;
/*!40000 ALTER TABLE `jwt_blacklists` DISABLE KEYS */;
INSERT INTO `jwt_blacklists` (`id`, `created_at`, `updated_at`, `deleted_at`, `jwt`) VALUES
	(1, '2020-12-05 10:07:53', '2020-12-05 10:07:53', NULL, 'eyJhbGciOiJIUzI1NiIsInR5cCI6IkpXVCJ9.eyJVVUlEIjoiMTIxZmQ2ZmUtMjUzNi00OTZhLWIwODUtZTRlZTM0ZTM3YzY4IiwiSUQiOjEsIlVzZXJuYW1lIjoiYWRtaW4iLCJOaWNrTmFtZSI6Iui2hee6p-euoeeQhuWRmCIsIkF1dGhvcml0eUlkIjoiODg4IiwiQnVmZmVyVGltZSI6ODY0MDAsImV4cCI6MTYwNzY4NDM0NywiaXNzIjoicW1QbHVzIiwibmJmIjoxNjA3MDc4NTQ3fQ.dgNJt1yZcGAvo6S4H2AdErUvG6f8BI6j1t6S0PBms60'),
	(2, '2020-12-05 14:48:12', '2020-12-05 14:48:12', NULL, 'eyJhbGciOiJIUzI1NiIsInR5cCI6IkpXVCJ9.eyJVVUlEIjoiMTIxZmQ2ZmUtMjUzNi00OTZhLWIwODUtZTRlZTM0ZTM3YzY4IiwiSUQiOjEsIlVzZXJuYW1lIjoiYWRtaW4iLCJOaWNrTmFtZSI6Iui2hee6p-euoeeQhuWRmCIsIkF1dGhvcml0eUlkIjoiODg4IiwiQnVmZmVyVGltZSI6ODY0MDAsImV4cCI6MTYwNzczODg3OSwiaXNzIjoicW1QbHVzIiwibmJmIjoxNjA3MTMzMDc5fQ.AxE-krVfUxdzBkaZ5vX8cz1uudeKJoPQjiNnO4-8x3M'),
	(3, '2020-12-05 14:50:35', '2020-12-05 14:50:35', NULL, 'eyJhbGciOiJIUzI1NiIsInR5cCI6IkpXVCJ9.eyJVVUlEIjoiMTIxZmQ2ZmUtMjUzNi00OTZhLWIwODUtZTRlZTM0ZTM3YzY4IiwiSUQiOjEsIlVzZXJuYW1lIjoiYWRtaW4iLCJOaWNrTmFtZSI6Iui2hee6p-euoeeQhuWRmCIsIkF1dGhvcml0eUlkIjoiODg4IiwiQnVmZmVyVGltZSI6ODY0MDAsImV4cCI6MTYwNzY5MTU2NywiaXNzIjoicW1QbHVzIiwibmJmIjoxNjA3MDg1NzY3fQ.oniCuaWGsuTk90cUdA0IKpehlOWM6Lo6ikAEqIS4jUc'),
	(4, '2020-12-05 15:12:24', '2020-12-05 15:12:24', NULL, 'eyJhbGciOiJIUzI1NiIsInR5cCI6IkpXVCJ9.eyJVVUlEIjoiMTIxZmQ2ZmUtMjUzNi00OTZhLWIwODUtZTRlZTM0ZTM3YzY4IiwiSUQiOjEsIlVzZXJuYW1lIjoiYWRtaW4iLCJOaWNrTmFtZSI6Iui2hee6p-euoeeQhuWRmCIsIkF1dGhvcml0eUlkIjoiODg4IiwiQnVmZmVyVGltZSI6ODY0MDAsImV4cCI6MTYwNzc1NTg3OCwiaXNzIjoicW1QbHVzIiwibmJmIjoxNjA3MTUwMDc4fQ.wKVa34dVQLYvyrm3rEj-t8vvt2b8HL_xrKJmDF_8qCg'),
	(5, '2020-12-05 16:47:50', '2020-12-05 16:47:50', NULL, 'eyJhbGciOiJIUzI1NiIsInR5cCI6IkpXVCJ9.eyJVVUlEIjoiMTIxZmQ2ZmUtMjUzNi00OTZhLWIwODUtZTRlZTM0ZTM3YzY4IiwiSUQiOjEsIlVzZXJuYW1lIjoiYWRtaW4iLCJOaWNrTmFtZSI6Iui2hee6p-euoeeQhuWRmCIsIkF1dGhvcml0eUlkIjoiODg4IiwiQnVmZmVyVGltZSI6ODY0MDAsImV4cCI6MTYwNzc1NzE1MiwiaXNzIjoicW1QbHVzIiwibmJmIjoxNjA3MTUxMzUyfQ.ms8mAsEl0IsZ81YKS9qjptTrSa_FMCjVnFA7lKCKok8');
/*!40000 ALTER TABLE `jwt_blacklists` ENABLE KEYS */;

-- 导出  表 gva.sys_apis 结构
CREATE TABLE IF NOT EXISTS `sys_apis` (
  `id` bigint(20) unsigned NOT NULL AUTO_INCREMENT,
  `created_at` datetime DEFAULT NULL,
  `updated_at` datetime DEFAULT NULL,
  `deleted_at` datetime DEFAULT NULL,
  `path` varchar(191) DEFAULT NULL COMMENT 'api路径',
  `description` varchar(191) DEFAULT NULL COMMENT 'api中文描述',
  `api_group` varchar(191) DEFAULT NULL COMMENT 'api组',
  `method` varchar(191) DEFAULT 'POST',
  PRIMARY KEY (`id`),
  KEY `idx_sys_apis_deleted_at` (`deleted_at`)
) ENGINE=MyISAM AUTO_INCREMENT=94 DEFAULT CHARSET=utf8mb4;

-- 正在导出表  gva.sys_apis 的数据：92 rows
DELETE FROM `sys_apis`;
/*!40000 ALTER TABLE `sys_apis` DISABLE KEYS */;
INSERT INTO `sys_apis` (`id`, `created_at`, `updated_at`, `deleted_at`, `path`, `description`, `api_group`, `method`) VALUES
	(1, '2020-12-04 18:00:21', '2020-12-04 18:00:21', NULL, '/base/login', '用户登录', 'base', 'POST'),
	(2, '2020-12-04 18:00:21', '2020-12-04 18:00:21', NULL, '/user/register', '用户注册', 'user', 'POST'),
	(3, '2020-12-04 18:00:21', '2020-12-04 18:00:21', NULL, '/api/createApi', '创建api', 'api', 'POST'),
	(4, '2020-12-04 18:00:21', '2020-12-04 18:00:21', NULL, '/api/getApiList', '获取api列表', 'api', 'POST'),
	(5, '2020-12-04 18:00:21', '2020-12-04 18:00:21', NULL, '/api/getApiById', '获取api详细信息', 'api', 'POST'),
	(6, '2020-12-04 18:00:21', '2020-12-04 18:00:21', NULL, '/api/deleteApi', '删除Api', 'api', 'POST'),
	(7, '2020-12-04 18:00:21', '2020-12-04 18:00:21', NULL, '/api/updateApi', '更新Api', 'api', 'POST'),
	(8, '2020-12-04 18:00:21', '2020-12-04 18:00:21', NULL, '/api/getAllApis', '获取所有api', 'api', 'POST'),
	(9, '2020-12-04 18:00:21', '2020-12-04 18:00:21', NULL, '/authority/createAuthority', '创建角色', 'authority', 'POST'),
	(10, '2020-12-04 18:00:21', '2020-12-04 18:00:21', NULL, '/authority/deleteAuthority', '删除角色', 'authority', 'POST'),
	(11, '2020-12-04 18:00:21', '2020-12-04 18:00:21', NULL, '/authority/getAuthorityList', '获取角色列表', 'authority', 'POST'),
	(12, '2020-12-04 18:00:21', '2020-12-04 18:00:21', NULL, '/menu/getMenu', '获取菜单树', 'menu', 'POST'),
	(13, '2020-12-04 18:00:21', '2020-12-04 18:00:21', NULL, '/menu/getMenuList', '分页获取基础menu列表', 'menu', 'POST'),
	(14, '2020-12-04 18:00:21', '2020-12-04 18:00:21', NULL, '/menu/addBaseMenu', '新增菜单', 'menu', 'POST'),
	(15, '2020-12-04 18:00:21', '2020-12-04 18:00:21', NULL, '/menu/getBaseMenuTree', '获取用户动态路由', 'menu', 'POST'),
	(16, '2020-12-04 18:00:21', '2020-12-04 18:00:21', NULL, '/menu/addMenuAuthority', '增加menu和角色关联关系', 'menu', 'POST'),
	(17, '2020-12-04 18:00:21', '2020-12-04 18:00:21', NULL, '/menu/getMenuAuthority', '获取指定角色menu', 'menu', 'POST'),
	(18, '2020-12-04 18:00:21', '2020-12-04 18:00:21', NULL, '/menu/deleteBaseMenu', '删除菜单', 'menu', 'POST'),
	(19, '2020-12-04 18:00:21', '2020-12-04 18:00:21', NULL, '/menu/updateBaseMenu', '更新菜单', 'menu', 'POST'),
	(20, '2020-12-04 18:00:21', '2020-12-04 18:00:21', NULL, '/menu/getBaseMenuById', '根据id获取菜单', 'menu', 'POST'),
	(21, '2020-12-04 18:00:21', '2020-12-04 18:00:21', NULL, '/user/changePassword', '修改密码', 'user', 'POST'),
	(23, '2020-12-04 18:00:21', '2020-12-04 18:00:21', NULL, '/user/getUserList', '获取用户列表', 'user', 'POST'),
	(24, '2020-12-04 18:00:21', '2020-12-04 18:00:21', NULL, '/user/setUserAuthority', '修改用户角色', 'user', 'POST'),
	(25, '2020-12-04 18:00:21', '2020-12-04 18:00:21', NULL, '/fileUploadAndDownload/upload', '文件上传示例', 'fileUploadAndDownload', 'POST'),
	(26, '2020-12-04 18:00:21', '2020-12-04 18:00:21', NULL, '/fileUploadAndDownload/getFileList', '获取上传文件列表', 'fileUploadAndDownload', 'POST'),
	(27, '2020-12-04 18:00:21', '2020-12-04 18:00:21', NULL, '/casbin/updateCasbin', '更改角色api权限', 'casbin', 'POST'),
	(28, '2020-12-04 18:00:21', '2020-12-04 18:00:21', NULL, '/casbin/getPolicyPathByAuthorityId', '获取权限列表', 'casbin', 'POST'),
	(29, '2020-12-04 18:00:21', '2020-12-04 18:00:21', NULL, '/fileUploadAndDownload/deleteFile', '删除文件', 'fileUploadAndDownload', 'POST'),
	(30, '2020-12-04 18:00:21', '2020-12-04 18:00:21', NULL, '/jwt/jsonInBlacklist', 'jwt加入黑名单', 'jwt', 'POST'),
	(31, '2020-12-04 18:00:21', '2020-12-04 18:00:21', NULL, '/authority/setDataAuthority', '设置角色资源权限', 'authority', 'POST'),
	(32, '2020-12-04 18:00:21', '2020-12-04 18:00:21', NULL, '/system/getSystemConfig', '获取配置文件内容', 'system', 'POST'),
	(33, '2020-12-04 18:00:21', '2020-12-04 18:00:21', NULL, '/system/setSystemConfig', '设置配置文件内容', 'system', 'POST'),
	(34, '2020-12-04 18:00:21', '2020-12-04 18:00:21', NULL, '/customer/customer', '创建客户', 'customer', 'POST'),
	(35, '2020-12-04 18:00:21', '2020-12-04 18:00:21', NULL, '/customer/customer', '更新客户', 'customer', 'PUT'),
	(36, '2020-12-04 18:00:21', '2020-12-04 18:00:21', NULL, '/customer/customer', '删除客户', 'customer', 'DELETE'),
	(37, '2020-12-04 18:00:21', '2020-12-04 18:00:21', NULL, '/customer/customer', '获取单一客户', 'customer', 'GET'),
	(38, '2020-12-04 18:00:21', '2020-12-04 18:00:21', NULL, '/customer/customerList', '获取客户列表', 'customer', 'GET'),
	(39, '2020-12-04 18:00:21', '2020-12-04 18:00:21', NULL, '/casbin/casbinTest/:pathParam', 'RESTFUL模式测试', 'casbin', 'GET'),
	(40, '2020-12-04 18:00:21', '2020-12-04 18:00:21', NULL, '/autoCode/createTemp', '自动化代码', 'autoCode', 'POST'),
	(41, '2020-12-04 18:00:21', '2020-12-04 18:00:21', NULL, '/authority/updateAuthority', '更新角色信息', 'authority', 'PUT'),
	(42, '2020-12-04 18:00:21', '2020-12-04 18:00:21', NULL, '/authority/copyAuthority', '拷贝角色', 'authority', 'POST'),
	(43, '2020-12-04 18:00:21', '2020-12-04 18:00:21', NULL, '/user/deleteUser', '删除用户', 'user', 'DELETE'),
	(44, '2020-12-04 18:00:21', '2020-12-04 18:00:21', NULL, '/sysDictionaryDetail/createSysDictionaryDetail', '新增字典内容', 'sysDictionaryDetail', 'POST'),
	(45, '2020-12-04 18:00:21', '2020-12-04 18:00:21', NULL, '/sysDictionaryDetail/deleteSysDictionaryDetail', '删除字典内容', 'sysDictionaryDetail', 'DELETE'),
	(46, '2020-12-04 18:00:21', '2020-12-04 18:00:21', NULL, '/sysDictionaryDetail/updateSysDictionaryDetail', '更新字典内容', 'sysDictionaryDetail', 'PUT'),
	(47, '2020-12-04 18:00:21', '2020-12-04 18:00:21', NULL, '/sysDictionaryDetail/findSysDictionaryDetail', '根据ID获取字典内容', 'sysDictionaryDetail', 'GET'),
	(48, '2020-12-04 18:00:21', '2020-12-04 18:00:21', NULL, '/sysDictionaryDetail/getSysDictionaryDetailList', '获取字典内容列表', 'sysDictionaryDetail', 'GET'),
	(49, '2020-12-04 18:00:21', '2020-12-04 18:00:21', NULL, '/sysDictionary/createSysDictionary', '新增字典', 'sysDictionary', 'POST'),
	(50, '2020-12-04 18:00:21', '2020-12-04 18:00:21', NULL, '/sysDictionary/deleteSysDictionary', '删除字典', 'sysDictionary', 'DELETE'),
	(51, '2020-12-04 18:00:21', '2020-12-04 18:00:21', NULL, '/sysDictionary/updateSysDictionary', '更新字典', 'sysDictionary', 'PUT'),
	(52, '2020-12-04 18:00:21', '2020-12-04 18:00:21', NULL, '/sysDictionary/findSysDictionary', '根据ID获取字典', 'sysDictionary', 'GET'),
	(53, '2020-12-04 18:00:21', '2020-12-04 18:00:21', NULL, '/sysDictionary/getSysDictionaryList', '获取字典列表', 'sysDictionary', 'GET'),
	(54, '2020-12-04 18:00:21', '2020-12-04 18:00:21', NULL, '/sysOperationRecord/createSysOperationRecord', '新增操作记录', 'sysOperationRecord', 'POST'),
	(55, '2020-12-04 18:00:21', '2020-12-04 18:00:21', NULL, '/sysOperationRecord/deleteSysOperationRecord', '删除操作记录', 'sysOperationRecord', 'DELETE'),
	(56, '2020-12-04 18:00:21', '2020-12-04 18:00:21', NULL, '/sysOperationRecord/findSysOperationRecord', '根据ID获取操作记录', 'sysOperationRecord', 'GET'),
	(57, '2020-12-04 18:00:21', '2020-12-04 18:00:21', NULL, '/sysOperationRecord/getSysOperationRecordList', '获取操作记录列表', 'sysOperationRecord', 'GET'),
	(58, '2020-12-04 18:00:21', '2020-12-04 18:00:21', NULL, '/autoCode/getTables', '获取数据库表', 'autoCode', 'GET'),
	(59, '2020-12-04 18:00:21', '2020-12-04 18:00:21', NULL, '/autoCode/getDB', '获取所有数据库', 'autoCode', 'GET'),
	(60, '2020-12-04 18:00:21', '2020-12-04 18:00:21', NULL, '/autoCode/getColumn', '获取所选table的所有字段', 'autoCode', 'GET'),
	(61, '2020-12-04 18:00:21', '2020-12-04 18:00:21', NULL, '/sysOperationRecord/deleteSysOperationRecordByIds', '批量删除操作历史', 'sysOperationRecord', 'DELETE'),
	(62, '2020-12-04 18:00:21', '2020-12-04 18:00:21', NULL, '/simpleUploader/upload', '插件版分片上传', 'simpleUploader', 'POST'),
	(63, '2020-12-04 18:00:21', '2020-12-04 18:00:21', NULL, '/simpleUploader/checkFileMd5', '文件完整度验证', 'simpleUploader', 'GET'),
	(64, '2020-12-04 18:00:21', '2020-12-04 18:00:21', NULL, '/simpleUploader/mergeFileMd5', '上传完成合并文件', 'simpleUploader', 'GET'),
	(65, '2020-12-04 18:00:21', '2020-12-04 18:00:21', NULL, '/user/setUserInfo', '设置用户信息', 'user', 'PUT'),
	(66, '2020-12-04 18:00:21', '2020-12-04 18:00:21', NULL, '/system/getServerInfo', '获取服务器信息', 'system', 'POST'),
	(67, '2020-12-04 18:00:21', '2020-12-04 18:00:21', NULL, '/email/emailTest', '发送测试邮件', 'email', 'POST'),
	(68, '2020-12-04 18:00:21', '2020-12-04 18:00:21', NULL, '/workflowProcess/createWorkflowProcess', '新建工作流', 'workflowProcess', 'POST'),
	(69, '2020-12-04 18:00:21', '2020-12-04 18:00:21', NULL, '/workflowProcess/deleteWorkflowProcess', '删除工作流', 'workflowProcess', 'DELETE'),
	(70, '2020-12-04 18:00:21', '2020-12-04 18:00:21', NULL, '/workflowProcess/deleteWorkflowProcessByIds', '批量删除工作流', 'workflowProcess', 'DELETE'),
	(71, '2020-12-04 18:00:21', '2020-12-04 18:00:21', NULL, '/workflowProcess/updateWorkflowProcess', '更新工作流', 'workflowProcess', 'PUT'),
	(72, '2020-12-04 18:00:21', '2020-12-04 18:00:21', NULL, '/workflowProcess/findWorkflowProcess', '根据ID获取工作流', 'workflowProcess', 'GET'),
	(73, '2020-12-04 18:00:21', '2020-12-04 18:00:21', NULL, '/workflowProcess/getWorkflowProcessList', '获取工作流', 'workflowProcess', 'GET'),
	(74, '2020-12-04 18:00:21', '2020-12-04 18:00:21', NULL, '/workflowProcess/findWorkflowStep', '获取工作流步骤', 'workflowProcess', 'GET'),
	(75, '2020-12-04 18:00:21', '2020-12-04 18:00:21', NULL, '/workflowProcess/startWorkflow', '启动工作流', 'workflowProcess', 'POST'),
	(76, '2020-12-04 18:00:21', '2020-12-04 18:00:21', NULL, '/workflowProcess/getMyStated', '获取我发起的工作流', 'workflowProcess', 'GET'),
	(77, '2020-12-04 18:00:21', '2020-12-04 18:00:21', NULL, '/workflowProcess/getMyNeed', '获取我的待办', 'workflowProcess', 'GET'),
	(78, '2020-12-04 18:00:21', '2020-12-04 18:00:21', NULL, '/workflowProcess/getWorkflowMoveByID', '根据id获取当前节点详情和历史', 'workflowProcess', 'GET'),
	(79, '2020-12-04 18:00:21', '2020-12-04 18:00:21', NULL, '/workflowProcess/completeWorkflowMove', '提交工作流', 'workflowProcess', 'POST'),
	(80, '2020-12-04 21:15:42', '2020-12-04 21:15:42', NULL, '/demoCodeGeneration/createDemoCodeGeneration', '新增代码生成示例', 'demoCodeGeneration', 'POST'),
	(81, '2020-12-04 21:15:42', '2020-12-04 21:15:42', NULL, '/demoCodeGeneration/deleteDemoCodeGeneration', '删除代码生成示例', 'demoCodeGeneration', 'DELETE'),
	(82, '2020-12-04 21:15:42', '2020-12-04 21:15:42', NULL, '/demoCodeGeneration/deleteDemoCodeGenerationByIds', '批量删除代码生成示例', 'demoCodeGeneration', 'DELETE'),
	(83, '2020-12-04 21:15:42', '2020-12-04 21:15:42', NULL, '/demoCodeGeneration/updateDemoCodeGeneration', '更新代码生成示例', 'demoCodeGeneration', 'PUT'),
	(84, '2020-12-04 21:15:42', '2020-12-04 21:15:42', NULL, '/demoCodeGeneration/findDemoCodeGeneration', '根据ID获取代码生成示例', 'demoCodeGeneration', 'GET'),
	(85, '2020-12-04 21:15:42', '2020-12-04 21:15:42', NULL, '/demoCodeGeneration/getDemoCodeGenerationList', '获取代码生成示例列表', 'demoCodeGeneration', 'GET'),
	(86, '2020-12-09 11:36:01', '2020-12-09 11:36:01', NULL, '/demoApp/createDemoApp', '新增DemoApp', 'demoApp', 'POST'),
	(87, '2020-12-09 11:36:01', '2020-12-09 11:36:01', NULL, '/demoApp/deleteDemoApp', '删除DemoApp', 'demoApp', 'DELETE'),
	(88, '2020-12-09 11:36:01', '2020-12-09 11:36:01', NULL, '/demoApp/deleteDemoAppByIds', '批量删除DemoApp', 'demoApp', 'DELETE'),
	(89, '2020-12-09 11:36:01', '2020-12-09 11:36:01', NULL, '/demoApp/updateDemoApp', '更新DemoApp', 'demoApp', 'PUT'),
	(90, '2020-12-09 11:36:01', '2020-12-09 11:36:01', NULL, '/demoApp/findDemoApp', '根据ID获取DemoApp', 'demoApp', 'GET'),
	(91, '2020-12-09 11:36:01', '2020-12-09 11:36:01', NULL, '/demoApp/getDemoAppList', '获取DemoApp列表', 'demoApp', 'GET'),
	(92, '2020-12-09 17:11:48', '2020-12-09 17:11:48', NULL, '/excel/import', 'excel导入数据库', 'excel', 'POST'),
	(93, '2020-12-11 22:35:33', '2020-12-12 16:07:44', NULL, '/dbTableData/data', '获取数据库数据', 'dbTableData', 'GET');
/*!40000 ALTER TABLE `sys_apis` ENABLE KEYS */;

-- 导出  表 gva.sys_authorities 结构
CREATE TABLE IF NOT EXISTS `sys_authorities` (
  `created_at` datetime DEFAULT NULL,
  `updated_at` datetime DEFAULT NULL,
  `deleted_at` datetime DEFAULT NULL,
  `authority_id` varchar(90) NOT NULL COMMENT '角色ID',
  `authority_name` varchar(191) DEFAULT NULL COMMENT '角色名',
  `parent_id` varchar(191) DEFAULT NULL COMMENT '父角色ID',
  PRIMARY KEY (`authority_id`),
  UNIQUE KEY `authority_id` (`authority_id`)
) ENGINE=MyISAM DEFAULT CHARSET=utf8mb4;

-- 正在导出表  gva.sys_authorities 的数据：2 rows
DELETE FROM `sys_authorities`;
/*!40000 ALTER TABLE `sys_authorities` DISABLE KEYS */;
INSERT INTO `sys_authorities` (`created_at`, `updated_at`, `deleted_at`, `authority_id`, `authority_name`, `parent_id`) VALUES
	('2020-12-04 18:00:21', '2020-12-04 18:15:48', NULL, '888', 'admin', '0'),
	('2020-12-04 18:00:21', '2020-12-04 18:00:21', NULL, '9528', '测试角色', '0');
/*!40000 ALTER TABLE `sys_authorities` ENABLE KEYS */;

-- 导出  表 gva.sys_authority_menus 结构
CREATE TABLE IF NOT EXISTS `sys_authority_menus` (
  `sys_authority_authority_id` varchar(90) NOT NULL COMMENT '角色ID',
  `sys_base_menu_id` bigint(20) unsigned NOT NULL,
  PRIMARY KEY (`sys_authority_authority_id`,`sys_base_menu_id`)
) ENGINE=MyISAM DEFAULT CHARSET=utf8mb4;

-- 正在导出表  gva.sys_authority_menus 的数据：62 rows
DELETE FROM `sys_authority_menus`;
/*!40000 ALTER TABLE `sys_authority_menus` DISABLE KEYS */;
INSERT INTO `sys_authority_menus` (`sys_authority_authority_id`, `sys_base_menu_id`) VALUES
	('888', 1),
	('888', 2),
	('888', 3),
	('888', 4),
	('888', 5),
	('888', 6),
	('888', 7),
	('888', 8),
	('888', 9),
	('888', 10),
	('888', 11),
	('888', 12),
	('888', 13),
	('888', 14),
	('888', 15),
	('888', 16),
	('888', 17),
	('888', 18),
	('888', 19),
	('888', 20),
	('888', 21),
	('888', 22),
	('888', 23),
	('888', 24),
	('888', 25),
	('888', 26),
	('888', 27),
	('888', 28),
	('888', 29),
	('888', 30),
	('888', 31),
	('888', 32),
	('888', 33),
	('888', 34),
	('888', 35),
	('888', 36),
	('888', 37),
	('888', 38),
	('888', 39),
	('888', 40),
	('888', 41),
	('888', 42),
	('888', 43),
	('9528', 1),
	('9528', 2),
	('9528', 3),
	('9528', 4),
	('9528', 5),
	('9528', 6),
	('9528', 7),
	('9528', 8),
	('9528', 9),
	('9528', 10),
	('9528', 11),
	('9528', 12),
	('9528', 13),
	('9528', 14),
	('9528', 15),
	('9528', 17),
	('9528', 18),
	('9528', 19),
	('9528', 20);
/*!40000 ALTER TABLE `sys_authority_menus` ENABLE KEYS */;

-- 导出  表 gva.sys_base_menus 结构
CREATE TABLE IF NOT EXISTS `sys_base_menus` (
  `id` bigint(20) unsigned NOT NULL AUTO_INCREMENT,
  `created_at` datetime DEFAULT NULL,
  `updated_at` datetime DEFAULT NULL,
  `deleted_at` datetime DEFAULT NULL,
  `menu_level` bigint(20) unsigned DEFAULT NULL,
  `parent_id` varchar(191) DEFAULT NULL COMMENT '父菜单ID',
  `path` varchar(191) DEFAULT NULL COMMENT '路由path',
  `name` varchar(191) DEFAULT NULL COMMENT '路由name',
  `hidden` tinyint(1) DEFAULT NULL COMMENT '是否在列表隐藏',
  `component` varchar(191) DEFAULT NULL COMMENT '对应前端文件路径',
  `sort` bigint(20) DEFAULT NULL COMMENT '排序标记',
  `keep_alive` tinyint(1) DEFAULT NULL COMMENT '附加属性',
  `default_menu` tinyint(1) DEFAULT NULL COMMENT '附加属性',
  `title` varchar(191) DEFAULT NULL COMMENT '附加属性',
  `icon` varchar(191) DEFAULT NULL COMMENT '附加属性',
  PRIMARY KEY (`id`),
  KEY `idx_sys_base_menus_deleted_at` (`deleted_at`)
) ENGINE=MyISAM AUTO_INCREMENT=44 DEFAULT CHARSET=utf8mb4;

-- 正在导出表  gva.sys_base_menus 的数据：43 rows
DELETE FROM `sys_base_menus`;
/*!40000 ALTER TABLE `sys_base_menus` DISABLE KEYS */;
INSERT INTO `sys_base_menus` (`id`, `created_at`, `updated_at`, `deleted_at`, `menu_level`, `parent_id`, `path`, `name`, `hidden`, `component`, `sort`, `keep_alive`, `default_menu`, `title`, `icon`) VALUES
	(1, '2020-12-04 18:00:21', '2020-12-04 18:00:21', NULL, 0, '0', 'dashboard', 'dashboard', 0, 'view/dashboard/index.vue', 1, 0, 0, '仪表盘', 'setting'),
	(2, '2020-12-04 18:00:21', '2020-12-04 18:00:21', NULL, 0, '0', 'about', 'about', 0, 'view/about/index.vue', 7, 0, 0, '关于我们', 'info'),
	(3, '2020-12-04 18:00:21', '2020-12-04 18:00:21', NULL, 0, '0', 'admin', 'superAdmin', 0, 'view/superAdmin/index.vue', 3, 0, 0, '超级管理员', 'user-solid'),
	(4, '2020-12-04 18:00:21', '2020-12-04 18:00:21', NULL, 0, '3', 'authority', 'authority', 0, 'view/superAdmin/authority/authority.vue', 1, 0, 0, '角色管理', 's-custom'),
	(5, '2020-12-04 18:00:21', '2020-12-04 18:00:21', NULL, 0, '3', 'menu', 'menu', 0, 'view/superAdmin/menu/menu.vue', 2, 1, 0, '菜单管理', 's-order'),
	(6, '2020-12-04 18:00:21', '2020-12-04 18:00:21', NULL, 0, '3', 'api', 'api', 0, 'view/superAdmin/api/api.vue', 3, 1, 0, 'api管理', 's-platform'),
	(7, '2020-12-04 18:00:21', '2020-12-04 18:00:21', NULL, 0, '3', 'user', 'user', 0, 'view/superAdmin/user/user.vue', 4, 0, 0, '用户管理', 'coordinate'),
	(8, '2020-12-04 18:00:21', '2020-12-04 18:00:21', NULL, 0, '0', 'person', 'person', 1, 'view/person/person.vue', 4, 0, 0, '个人信息', 'message-solid'),
	(9, '2020-12-04 18:00:21', '2020-12-04 18:00:21', NULL, 0, '0', 'example', 'example', 0, 'view/example/index.vue', 6, 0, 0, '示例文件', 's-management'),
	(10, '2020-12-04 18:00:21', '2020-12-04 18:00:21', NULL, 0, '9', 'table', 'table', 0, 'view/example/table/table.vue', 1, 0, 0, '表格示例', 's-order'),
	(11, '2020-12-04 18:00:21', '2020-12-04 18:00:21', NULL, 0, '9', 'form', 'form', 0, 'view/example/form/form.vue', 2, 0, 0, '表单示例', 'document'),
	(12, '2020-12-04 18:00:21', '2020-12-09 12:22:27', NULL, 0, '9', 'rte', 'rte', 0, 'view/example/rte/rte.vue', 3, 1, 0, '富文本编辑器', 'reading'),
	(13, '2020-12-04 18:00:21', '2020-12-04 18:00:21', NULL, 0, '9', 'excel', 'excel', 0, 'view/example/excel/excel.vue', 4, 0, 0, 'excel导入导出', 's-marketing'),
	(14, '2020-12-04 18:00:21', '2020-12-04 18:00:21', NULL, 0, '9', 'upload', 'upload', 0, 'view/example/upload/upload.vue', 5, 0, 0, '上传下载', 'upload'),
	(15, '2020-12-04 18:00:21', '2020-12-04 18:00:21', NULL, 0, '9', 'breakpoint', 'breakpoint', 0, 'view/example/breakpoint/breakpoint.vue', 6, 0, 0, '断点续传', 'upload'),
	(16, '2020-12-04 18:00:21', '2020-12-04 18:00:21', NULL, 0, '9', 'customer', 'customer', 0, 'view/example/customer/customer.vue', 7, 0, 0, '客户列表（资源示例）', 's-custom'),
	(17, '2020-12-04 18:00:21', '2020-12-04 18:00:21', NULL, 0, '0', 'systemTools', 'systemTools', 0, 'view/systemTools/index.vue', 5, 0, 0, '系统工具', 's-cooperation'),
	(18, '2020-12-04 18:00:21', '2020-12-04 18:00:21', NULL, 0, '17', 'autoCode', 'autoCode', 0, 'view/systemTools/autoCode/index.vue', 1, 1, 0, '代码生成器', 'cpu'),
	(19, '2020-12-04 18:00:21', '2020-12-04 18:00:21', NULL, 0, '17', 'formCreate', 'formCreate', 0, 'view/systemTools/formCreate/index.vue', 2, 1, 0, '表单生成器', 'magic-stick'),
	(20, '2020-12-04 18:00:21', '2020-12-04 18:00:21', NULL, 0, '17', 'system', 'system', 0, 'view/systemTools/system/system.vue', 3, 0, 0, '系统配置', 's-operation'),
	(21, '2020-12-04 18:00:21', '2020-12-04 18:00:21', NULL, 0, '0', 'iconList', 'iconList', 0, 'view/iconList/index.vue', 2, 0, 0, '图标集合', 'star-on'),
	(22, '2020-12-04 18:00:21', '2020-12-04 18:00:21', NULL, 0, '3', 'dictionary', 'dictionary', 0, 'view/superAdmin/dictionary/sysDictionary.vue', 5, 0, 0, '字典管理', 'notebook-2'),
	(23, '2020-12-04 18:00:21', '2020-12-04 18:00:21', NULL, 0, '3', 'dictionaryDetail/:id', 'dictionaryDetail', 1, 'view/superAdmin/dictionary/sysDictionaryDetail.vue', 1, 0, 0, '字典详情', 's-order'),
	(24, '2020-12-04 18:00:21', '2020-12-04 18:00:21', NULL, 0, '3', 'operation', 'operation', 0, 'view/superAdmin/operation/sysOperationRecord.vue', 6, 0, 0, '操作历史', 'time'),
	(25, '2020-12-04 18:00:21', '2020-12-04 18:00:21', NULL, 0, '9', 'simpleUploader', 'simpleUploader', 0, 'view/example/simpleUploader/simpleUploader', 6, 0, 0, '断点续传（插件版）', 'upload'),
	(26, '2020-12-04 18:00:21', '2020-12-04 18:00:21', NULL, 0, '0', 'https://www.gva.com', 'https://www.gva.com', 0, '/', 0, 0, 0, '官方网站', 's-home'),
	(27, '2020-12-04 18:00:21', '2020-12-04 18:00:21', NULL, 0, '0', 'state', 'state', 0, 'view/system/state.vue', 6, 0, 0, '服务器状态', 'cloudy'),
	(28, '2020-12-04 18:00:21', '2020-12-04 18:00:21', NULL, 0, '0', 'workflow', 'workflow', 0, 'view/workflow/index.vue', 5, 0, 0, '工作流功能', 'phone'),
	(29, '2020-12-04 18:00:21', '2020-12-04 18:00:21', NULL, 0, '28', 'workflowCreate', 'workflowCreate', 0, 'view/workflow/workflowCreate/workflowCreate.vue', 0, 0, 0, '工作流绘制', 'circle-plus'),
	(30, '2020-12-04 18:00:21', '2020-12-04 18:00:21', NULL, 0, '28', 'workflowProcess', 'workflowProcess', 0, 'view/workflow/workflowProcess/workflowProcess.vue', 0, 0, 0, '工作流列表', 's-cooperation'),
	(31, '2020-12-04 18:00:21', '2020-12-04 18:00:21', NULL, 0, '28', 'workflowUse', 'workflowUse', 1, 'view/workflow/workflowUse/workflowUse.vue', 0, 0, 0, '使用工作流', 'video-play'),
	(32, '2020-12-04 18:00:21', '2020-12-04 18:00:21', NULL, 0, '28', 'started', 'started', 0, 'view/workflow/userList/started.vue', 0, 0, 0, '我发起的', 's-order'),
	(33, '2020-12-04 18:00:21', '2020-12-04 18:00:21', NULL, 0, '28', 'need', 'need', 0, 'view/workflow/userList/need.vue', 0, 0, 0, '我的待办', 's-platform'),
	(34, '2020-12-04 21:30:53', '2020-12-04 22:22:09', NULL, 0, '0', 'demo', 'demo', 0, 'view/example/index.vue', 0, 0, 0, 'Demo', 's-tools'),
	(35, '2020-12-04 22:01:38', '2020-12-06 11:20:23', NULL, 0, '34', 'code_generation', 'code_generation', 0, 'view-demo/code_generation/demo_code_generation.vue', 1, 1, 0, '代码生成示例', 'platform-eleme'),
	(37, '2020-12-05 10:47:32', '2020-12-06 11:20:34', NULL, 0, '34', 'vxe-table', 'vxe-table', 0, 'view-demo/vxe-table/demo_code_generation.vue', 2, 1, 0, 'vxe-table', 's-tools'),
	(36, '2020-12-04 23:22:42', '2020-12-05 10:38:58', NULL, 0, '34', 'demo_upload', 'demo_upload', 0, 'view-demo/upload', 0, 0, 0, '文件上传示例', 'upload'),
	(38, '2020-12-05 22:36:43', '2020-12-06 11:21:45', NULL, 0, '34', 'vxe-table-chart', 'vxe-table-chart', 0, 'view-demo/vxe-table-chart', 4, 1, 0, 'vxe-table-chart', 'star-off'),
	(39, '2020-12-06 11:21:39', '2020-12-06 11:22:33', NULL, 0, '34', 'query-setting', 'query-setting', 0, 'view-demo/query-setting', 3, 0, 0, 'query-setting', 'setting'),
	(40, '2020-12-06 11:21:39', '2020-12-07 21:09:29', NULL, 0, '34', 'excel-import', 'excel-import', 0, 'view-demo/excel-import', 5, 0, 0, 'excel-import', 'setting'),
	(41, '2020-12-09 12:04:25', '2020-12-09 12:17:13', NULL, 0, '34', 'demo_app', 'demo_app', 0, 'app/demo_app', 6, 0, 0, 'demo_app', 's-grid'),
	(42, '2020-12-09 13:54:38', '2020-12-09 13:55:01', NULL, 0, '34', 'excel-import-db', 'excel-import-db', 0, 'app/excel-import-db', 7, 0, 0, 'excel-import-db', 'top-right'),
	(43, '2020-12-11 22:02:29', '2020-12-12 16:09:37', NULL, 0, '34', 'user-defined-chart', 'user-defined-chart', 0, 'app/user-defined-chart', 8, 0, 0, 'user-defined-chart', 'present');
/*!40000 ALTER TABLE `sys_base_menus` ENABLE KEYS */;

-- 导出  表 gva.sys_base_menu_parameters 结构
CREATE TABLE IF NOT EXISTS `sys_base_menu_parameters` (
  `id` bigint(20) unsigned NOT NULL AUTO_INCREMENT,
  `created_at` datetime DEFAULT NULL,
  `updated_at` datetime DEFAULT NULL,
  `deleted_at` datetime DEFAULT NULL,
  `sys_base_menu_id` bigint(20) unsigned DEFAULT NULL,
  `type` varchar(191) DEFAULT NULL COMMENT '地址栏携带参数为params还是query',
  `key` varchar(191) DEFAULT NULL COMMENT '地址栏携带参数的key',
  `value` varchar(191) DEFAULT NULL COMMENT '地址栏携带参数的值',
  PRIMARY KEY (`id`),
  KEY `idx_sys_base_menu_parameters_deleted_at` (`deleted_at`)
) ENGINE=MyISAM DEFAULT CHARSET=utf8mb4;

-- 正在导出表  gva.sys_base_menu_parameters 的数据：0 rows
DELETE FROM `sys_base_menu_parameters`;
/*!40000 ALTER TABLE `sys_base_menu_parameters` DISABLE KEYS */;
/*!40000 ALTER TABLE `sys_base_menu_parameters` ENABLE KEYS */;

-- 导出  表 gva.sys_data_authority_id 结构
CREATE TABLE IF NOT EXISTS `sys_data_authority_id` (
  `sys_authority_authority_id` varchar(90) NOT NULL COMMENT '角色ID',
  `data_authority_id_authority_id` varchar(90) NOT NULL COMMENT '角色ID',
  PRIMARY KEY (`sys_authority_authority_id`,`data_authority_id_authority_id`)
) ENGINE=MyISAM DEFAULT CHARSET=utf8mb4;

-- 正在导出表  gva.sys_data_authority_id 的数据：6 rows
DELETE FROM `sys_data_authority_id`;
/*!40000 ALTER TABLE `sys_data_authority_id` DISABLE KEYS */;
INSERT INTO `sys_data_authority_id` (`sys_authority_authority_id`, `data_authority_id_authority_id`) VALUES
	('1', '1'),
	('888', '888'),
	('888', '8881'),
	('888', '9528'),
	('9528', '8881'),
	('9528', '9528');
/*!40000 ALTER TABLE `sys_data_authority_id` ENABLE KEYS */;

-- 导出  表 gva.sys_dictionaries 结构
CREATE TABLE IF NOT EXISTS `sys_dictionaries` (
  `id` bigint(20) unsigned NOT NULL AUTO_INCREMENT,
  `created_at` datetime DEFAULT NULL,
  `updated_at` datetime DEFAULT NULL,
  `deleted_at` datetime DEFAULT NULL,
  `name` varchar(191) DEFAULT NULL COMMENT '字典名（中）',
  `type` varchar(191) DEFAULT NULL COMMENT '字典名（英）',
  `status` tinyint(1) DEFAULT NULL COMMENT '状态',
  `desc` varchar(191) DEFAULT NULL COMMENT '描述',
  PRIMARY KEY (`id`),
  KEY `idx_sys_dictionaries_deleted_at` (`deleted_at`)
) ENGINE=MyISAM AUTO_INCREMENT=7 DEFAULT CHARSET=utf8mb4;

-- 正在导出表  gva.sys_dictionaries 的数据：6 rows
DELETE FROM `sys_dictionaries`;
/*!40000 ALTER TABLE `sys_dictionaries` DISABLE KEYS */;
INSERT INTO `sys_dictionaries` (`id`, `created_at`, `updated_at`, `deleted_at`, `name`, `type`, `status`, `desc`) VALUES
	(1, '2020-12-04 18:00:21', '2020-12-04 18:00:21', NULL, '性别', 'sex', 1, '性别字典'),
	(2, '2020-12-04 18:00:21', '2020-12-04 18:00:21', NULL, '数据库int类型', 'int', 1, 'int类型对应的数据库类型'),
	(3, '2020-12-04 18:00:21', '2020-12-04 18:00:21', NULL, '数据库时间日期类型', 'time.Time', 1, '数据库时间日期类型'),
	(4, '2020-12-04 18:00:21', '2020-12-04 18:00:21', NULL, '数据库浮点型', 'float64', 1, '数据库浮点型'),
	(5, '2020-12-04 18:00:21', '2020-12-04 18:00:21', NULL, '数据库字符串', 'string', 1, '数据库字符串'),
	(6, '2020-12-04 18:00:21', '2020-12-04 18:00:21', NULL, '数据库bool类型', 'bool', 1, '数据库bool类型');
/*!40000 ALTER TABLE `sys_dictionaries` ENABLE KEYS */;

-- 导出  表 gva.sys_dictionary_details 结构
CREATE TABLE IF NOT EXISTS `sys_dictionary_details` (
  `id` bigint(20) unsigned NOT NULL AUTO_INCREMENT,
  `created_at` datetime DEFAULT NULL,
  `updated_at` datetime DEFAULT NULL,
  `deleted_at` datetime DEFAULT NULL,
  `label` varchar(191) DEFAULT NULL COMMENT '展示值',
  `value` bigint(20) DEFAULT NULL COMMENT '字典值',
  `status` tinyint(1) DEFAULT NULL COMMENT '启用状态',
  `sort` bigint(20) DEFAULT NULL COMMENT '排序标记',
  `sys_dictionary_id` bigint(20) unsigned DEFAULT NULL COMMENT '关联标记',
  PRIMARY KEY (`id`),
  KEY `idx_sys_dictionary_details_deleted_at` (`deleted_at`)
) ENGINE=MyISAM AUTO_INCREMENT=24 DEFAULT CHARSET=utf8mb4;

-- 正在导出表  gva.sys_dictionary_details 的数据：23 rows
DELETE FROM `sys_dictionary_details`;
/*!40000 ALTER TABLE `sys_dictionary_details` DISABLE KEYS */;
INSERT INTO `sys_dictionary_details` (`id`, `created_at`, `updated_at`, `deleted_at`, `label`, `value`, `status`, `sort`, `sys_dictionary_id`) VALUES
	(1, '2020-12-04 18:00:21', '2020-12-04 18:00:21', NULL, 'smallint', 1, 1, 1, 2),
	(2, '2020-12-04 18:00:21', '2020-12-04 18:00:21', NULL, 'mediumint', 2, 1, 2, 2),
	(3, '2020-12-04 18:00:21', '2020-12-04 18:00:21', NULL, 'int', 3, 1, 3, 2),
	(4, '2020-12-04 18:00:21', '2020-12-04 18:00:21', NULL, 'bigint', 4, 1, 4, 2),
	(5, '2020-12-04 18:00:21', '2020-12-04 18:00:21', NULL, 'date', 0, 1, 0, 3),
	(6, '2020-12-04 18:00:21', '2020-12-04 18:00:21', NULL, 'time', 1, 1, 1, 3),
	(7, '2020-12-04 18:00:21', '2020-12-04 18:00:21', NULL, 'year', 2, 1, 2, 3),
	(8, '2020-12-04 18:00:21', '2020-12-04 18:00:21', NULL, 'datetime', 3, 1, 3, 3),
	(9, '2020-12-04 18:00:21', '2020-12-04 18:00:21', NULL, 'timestamp', 5, 1, 5, 3),
	(10, '2020-12-04 18:00:21', '2020-12-04 18:00:21', NULL, 'float', 0, 1, 0, 4),
	(11, '2020-12-04 18:00:21', '2020-12-04 18:00:21', NULL, 'double', 1, 1, 1, 4),
	(12, '2020-12-04 18:00:21', '2020-12-04 18:00:21', NULL, 'decimal', 2, 1, 2, 4),
	(13, '2020-12-04 18:00:21', '2020-12-04 18:00:21', NULL, 'char', 0, 1, 0, 5),
	(14, '2020-12-04 18:00:21', '2020-12-04 18:00:21', NULL, 'varchar', 1, 1, 1, 5),
	(15, '2020-12-04 18:00:21', '2020-12-04 18:00:21', NULL, 'tinyblob', 2, 1, 2, 5),
	(16, '2020-12-04 18:00:21', '2020-12-04 18:00:21', NULL, 'tinytext', 3, 1, 3, 5),
	(17, '2020-12-04 18:00:21', '2020-12-04 18:00:21', NULL, 'text', 4, 1, 4, 5),
	(18, '2020-12-04 18:00:21', '2020-12-04 18:00:21', NULL, 'blob', 5, 1, 5, 5),
	(19, '2020-12-04 18:00:21', '2020-12-04 18:00:21', NULL, 'mediumblob', 6, 1, 6, 5),
	(20, '2020-12-04 18:00:21', '2020-12-04 18:00:21', NULL, 'mediumtext', 7, 1, 7, 5),
	(21, '2020-12-04 18:00:21', '2020-12-04 18:00:21', NULL, 'longblob', 8, 1, 8, 5),
	(22, '2020-12-04 18:00:21', '2020-12-04 18:00:21', NULL, 'longtext', 9, 1, 9, 5),
	(23, '2020-12-04 18:00:21', '2020-12-04 18:00:21', NULL, 'tinyint', 0, 1, 0, 6);
/*!40000 ALTER TABLE `sys_dictionary_details` ENABLE KEYS */;

-- 导出  表 gva.sys_operation_records 结构
CREATE TABLE IF NOT EXISTS `sys_operation_records` (
  `id` bigint(20) unsigned NOT NULL AUTO_INCREMENT,
  `created_at` datetime DEFAULT NULL,
  `updated_at` datetime DEFAULT NULL,
  `deleted_at` datetime DEFAULT NULL,
  `ip` varchar(191) DEFAULT NULL COMMENT '请求ip',
  `method` varchar(191) DEFAULT NULL COMMENT '请求方法',
  `path` varchar(191) DEFAULT NULL COMMENT '请求路径',
  `status` bigint(20) DEFAULT NULL COMMENT '请求状态',
  `latency` bigint(20) DEFAULT NULL COMMENT '延迟',
  `agent` varchar(191) DEFAULT NULL COMMENT '代理',
  `error_message` varchar(191) DEFAULT NULL COMMENT '错误信息',
  `body` longtext COMMENT '请求Body',
  `resp` longtext COMMENT '响应Body',
  `user_id` bigint(20) unsigned DEFAULT NULL COMMENT '用户id',
  PRIMARY KEY (`id`),
  KEY `idx_sys_operation_records_deleted_at` (`deleted_at`)
) ENGINE=MyISAM DEFAULT CHARSET=utf8mb4;

-- 正在导出表  gva.sys_operation_records 的数据：0 rows
DELETE FROM `sys_operation_records`;
/*!40000 ALTER TABLE `sys_operation_records` DISABLE KEYS */;
/*!40000 ALTER TABLE `sys_operation_records` ENABLE KEYS */;

-- 导出  表 gva.sys_users 结构
CREATE TABLE IF NOT EXISTS `sys_users` (
  `id` bigint(20) unsigned NOT NULL AUTO_INCREMENT,
  `created_at` datetime DEFAULT NULL,
  `updated_at` datetime DEFAULT NULL,
  `deleted_at` datetime DEFAULT NULL,
  `uuid` varchar(191) DEFAULT NULL COMMENT '用户UUID',
  `username` varchar(191) DEFAULT NULL COMMENT '用户登录名',
  `password` varchar(191) DEFAULT NULL COMMENT '用户登录密码',
  `nick_name` varchar(191) DEFAULT '系统用户' COMMENT '用户昵称',
  `header_img` varchar(191) DEFAULT 'http://qmplusimg.henrongyi.top/head.png' COMMENT '用户头像',
  `authority_id` varchar(90) DEFAULT '888' COMMENT '用户角色ID',
  PRIMARY KEY (`id`),
  KEY `idx_sys_users_deleted_at` (`deleted_at`)
) ENGINE=MyISAM AUTO_INCREMENT=3 DEFAULT CHARSET=utf8mb4;

-- 正在导出表  gva.sys_users 的数据：2 rows
DELETE FROM `sys_users`;
/*!40000 ALTER TABLE `sys_users` DISABLE KEYS */;
INSERT INTO `sys_users` (`id`, `created_at`, `updated_at`, `deleted_at`, `uuid`, `username`, `password`, `nick_name`, `header_img`, `authority_id`) VALUES
	(1, '2020-12-04 18:00:21', '2020-12-04 18:14:59', NULL, '121fd6fe-2536-496a-b085-e4ee34e37c68', 'admin', 'e10adc3949ba59abbe56e057f20f883e', '超级管理员', 'http://localhost:9000/public/20201205/1607151920colors.png', '888'),
	(2, '2020-12-04 18:00:21', '2020-12-04 18:00:21', NULL, 'd71ef4df-7d08-449b-8837-e0bf1bbb3ded', 'a303176530', '3ec063004a6f31642261936a379fde3d', 'QMPlusUser', 'http://localhost:9000/public/20201205/1607151920colors.png', '9528');
/*!40000 ALTER TABLE `sys_users` ENABLE KEYS */;

-- 导出  表 gva.workflow_edges 结构
CREATE TABLE IF NOT EXISTS `workflow_edges` (
  `id` varchar(191) NOT NULL COMMENT '唯一标识',
  `created_at` datetime DEFAULT NULL,
  `updated_at` datetime DEFAULT NULL,
  `deleted_at` datetime DEFAULT NULL,
  `workflow_process_id` varchar(191) DEFAULT NULL COMMENT '流程标识',
  `clazz` varchar(191) DEFAULT NULL COMMENT '类型（线）',
  `source` varchar(191) DEFAULT NULL COMMENT '起点节点',
  `target` varchar(191) DEFAULT NULL COMMENT '目标节点',
  `source_anchor` bigint(20) DEFAULT NULL COMMENT '起点',
  `target_anchor` bigint(20) DEFAULT NULL COMMENT '目标点',
  `description` varchar(191) DEFAULT NULL COMMENT '详细介绍',
  `shape` varchar(191) DEFAULT NULL COMMENT '形状',
  `label` varchar(191) DEFAULT NULL COMMENT '标题',
  `hide_icon` tinyint(1) DEFAULT NULL COMMENT '隐藏图标',
  `condition_expression` varchar(191) DEFAULT NULL COMMENT '条件标识',
  `seq` varchar(191) DEFAULT NULL COMMENT '序号',
  `reverse` tinyint(1) DEFAULT NULL COMMENT '是否反向',
  PRIMARY KEY (`id`),
  UNIQUE KEY `id` (`id`),
  KEY `idx_workflow_edges_deleted_at` (`deleted_at`)
) ENGINE=MyISAM DEFAULT CHARSET=utf8mb4;

-- 正在导出表  gva.workflow_edges 的数据：0 rows
DELETE FROM `workflow_edges`;
/*!40000 ALTER TABLE `workflow_edges` DISABLE KEYS */;
/*!40000 ALTER TABLE `workflow_edges` ENABLE KEYS */;

-- 导出  表 gva.workflow_end_points 结构
CREATE TABLE IF NOT EXISTS `workflow_end_points` (
  `workflow_edge_id` varchar(191) DEFAULT NULL,
  `id` bigint(20) unsigned NOT NULL AUTO_INCREMENT,
  `created_at` datetime DEFAULT NULL,
  `updated_at` datetime DEFAULT NULL,
  `deleted_at` datetime DEFAULT NULL,
  `x` double DEFAULT NULL,
  `y` double DEFAULT NULL,
  `index` bigint(20) DEFAULT NULL,
  PRIMARY KEY (`id`),
  KEY `idx_workflow_end_points_deleted_at` (`deleted_at`)
) ENGINE=MyISAM DEFAULT CHARSET=utf8mb4;

-- 正在导出表  gva.workflow_end_points 的数据：0 rows
DELETE FROM `workflow_end_points`;
/*!40000 ALTER TABLE `workflow_end_points` DISABLE KEYS */;
/*!40000 ALTER TABLE `workflow_end_points` ENABLE KEYS */;

-- 导出  表 gva.workflow_moves 结构
CREATE TABLE IF NOT EXISTS `workflow_moves` (
  `id` bigint(20) unsigned NOT NULL AUTO_INCREMENT,
  `created_at` datetime DEFAULT NULL,
  `updated_at` datetime DEFAULT NULL,
  `deleted_at` datetime DEFAULT NULL,
  `workflow_process_id` varchar(191) DEFAULT NULL COMMENT '工作流模板ID',
  `workflow_node_id` varchar(191) DEFAULT NULL COMMENT '工作流节点ID',
  `business_type` varchar(191) DEFAULT NULL COMMENT '业务标记',
  `business_id` bigint(20) unsigned DEFAULT NULL COMMENT '业务ID',
  `promoter_id` bigint(20) unsigned DEFAULT NULL COMMENT '当前流转发起人',
  `operator_id` bigint(20) unsigned DEFAULT NULL COMMENT '当前流转操作人',
  `action` varchar(191) DEFAULT NULL COMMENT '工作流驱动事件',
  `param` varchar(191) DEFAULT NULL COMMENT '工作流驱动参数',
  `is_active` tinyint(1) DEFAULT NULL COMMENT '是否是活跃节点 ',
  PRIMARY KEY (`id`),
  KEY `idx_workflow_moves_deleted_at` (`deleted_at`)
) ENGINE=MyISAM DEFAULT CHARSET=utf8mb4;

-- 正在导出表  gva.workflow_moves 的数据：0 rows
DELETE FROM `workflow_moves`;
/*!40000 ALTER TABLE `workflow_moves` DISABLE KEYS */;
/*!40000 ALTER TABLE `workflow_moves` ENABLE KEYS */;

-- 导出  表 gva.workflow_nodes 结构
CREATE TABLE IF NOT EXISTS `workflow_nodes` (
  `id` varchar(191) NOT NULL COMMENT '节点id',
  `created_at` datetime DEFAULT NULL,
  `updated_at` datetime DEFAULT NULL,
  `deleted_at` datetime DEFAULT NULL,
  `workflow_process_id` varchar(191) DEFAULT NULL COMMENT '流程标识',
  `clazz` varchar(191) DEFAULT NULL COMMENT '节点类型',
  `label` varchar(191) DEFAULT NULL COMMENT '节点名称',
  `type` varchar(191) DEFAULT NULL COMMENT '图标类型',
  `shape` varchar(191) DEFAULT NULL COMMENT '形状',
  `description` varchar(191) DEFAULT NULL COMMENT '详细介绍',
  `view` varchar(191) DEFAULT NULL COMMENT '前端视图文件',
  `x` double DEFAULT NULL COMMENT 'x位置',
  `y` double DEFAULT NULL COMMENT 'y位置',
  `wait_state` varchar(191) DEFAULT NULL COMMENT '等待属性',
  `state_value` varchar(191) DEFAULT NULL COMMENT '等待值',
  `to` varchar(191) DEFAULT NULL COMMENT '收件人',
  `subject` varchar(191) DEFAULT NULL COMMENT '标题',
  `content` varchar(191) DEFAULT NULL COMMENT '内容',
  `cycle` varchar(191) DEFAULT NULL COMMENT '循环时间',
  `duration` varchar(191) DEFAULT NULL COMMENT '持续时间',
  `hide_icon` tinyint(1) DEFAULT NULL COMMENT '是否隐藏图标',
  `due_date` datetime DEFAULT NULL COMMENT '到期时间',
  `assign_type` varchar(191) DEFAULT NULL COMMENT '审批类型',
  `assign_value` varchar(191) DEFAULT NULL COMMENT '审批类型值',
  `success` tinyint(1) DEFAULT NULL COMMENT '是否成功',
  PRIMARY KEY (`id`),
  UNIQUE KEY `id` (`id`),
  KEY `idx_workflow_nodes_deleted_at` (`deleted_at`)
) ENGINE=MyISAM DEFAULT CHARSET=utf8mb4;

-- 正在导出表  gva.workflow_nodes 的数据：0 rows
DELETE FROM `workflow_nodes`;
/*!40000 ALTER TABLE `workflow_nodes` DISABLE KEYS */;
/*!40000 ALTER TABLE `workflow_nodes` ENABLE KEYS */;

-- 导出  表 gva.workflow_processes 结构
CREATE TABLE IF NOT EXISTS `workflow_processes` (
  `id` varchar(191) NOT NULL COMMENT '流程标识',
  `created_at` datetime DEFAULT NULL,
  `updated_at` datetime DEFAULT NULL,
  `deleted_at` datetime DEFAULT NULL,
  `name` varchar(191) DEFAULT NULL COMMENT '流程名称',
  `category` varchar(191) DEFAULT NULL COMMENT '分类',
  `clazz` varchar(191) DEFAULT NULL COMMENT '类型',
  `label` varchar(191) DEFAULT NULL COMMENT '流程标题',
  `hide_icon` tinyint(1) DEFAULT NULL COMMENT '是否隐藏图标',
  `description` varchar(191) DEFAULT NULL COMMENT '详细介绍',
  `view` varchar(191) DEFAULT NULL COMMENT '前端视图文件',
  PRIMARY KEY (`id`),
  UNIQUE KEY `id` (`id`),
  KEY `idx_workflow_processes_deleted_at` (`deleted_at`)
) ENGINE=MyISAM DEFAULT CHARSET=utf8mb4;

-- 正在导出表  gva.workflow_processes 的数据：1 rows
DELETE FROM `workflow_processes`;
/*!40000 ALTER TABLE `workflow_processes` DISABLE KEYS */;
INSERT INTO `workflow_processes` (`id`, `created_at`, `updated_at`, `deleted_at`, `name`, `category`, `clazz`, `label`, `hide_icon`, `description`, `view`) VALUES
	('leaveFlow', '2020-12-04 18:00:21', '2020-12-04 18:00:21', NULL, 'leaveFlow', '', 'process', '请假流程（演示）', 0, '请假流程演示', 'view/iconList/index.vue');
/*!40000 ALTER TABLE `workflow_processes` ENABLE KEYS */;

-- 导出  表 gva.workflow_start_points 结构
CREATE TABLE IF NOT EXISTS `workflow_start_points` (
  `workflow_edge_id` varchar(191) DEFAULT NULL,
  `id` bigint(20) unsigned NOT NULL AUTO_INCREMENT,
  `created_at` datetime DEFAULT NULL,
  `updated_at` datetime DEFAULT NULL,
  `deleted_at` datetime DEFAULT NULL,
  `x` double DEFAULT NULL,
  `y` double DEFAULT NULL,
  `index` bigint(20) DEFAULT NULL,
  PRIMARY KEY (`id`),
  KEY `idx_workflow_start_points_deleted_at` (`deleted_at`)
) ENGINE=MyISAM DEFAULT CHARSET=utf8mb4;

-- 正在导出表  gva.workflow_start_points 的数据：0 rows
DELETE FROM `workflow_start_points`;
/*!40000 ALTER TABLE `workflow_start_points` DISABLE KEYS */;
/*!40000 ALTER TABLE `workflow_start_points` ENABLE KEYS */;

-- 导出  视图 gva.authority_menu 结构
-- 移除临时表并创建最终视图结构
DROP TABLE IF EXISTS `authority_menu`;
CREATE ALGORITHM=UNDEFINED SQL SECURITY DEFINER VIEW `authority_menu` AS select `sys_base_menus`.`id` AS `id`,`sys_base_menus`.`created_at` AS `created_at`,`sys_base_menus`.`updated_at` AS `updated_at`,`sys_base_menus`.`deleted_at` AS `deleted_at`,`sys_base_menus`.`menu_level` AS `menu_level`,`sys_base_menus`.`parent_id` AS `parent_id`,`sys_base_menus`.`path` AS `path`,`sys_base_menus`.`name` AS `name`,`sys_base_menus`.`hidden` AS `hidden`,`sys_base_menus`.`component` AS `component`,`sys_base_menus`.`title` AS `title`,`sys_base_menus`.`icon` AS `icon`,`sys_base_menus`.`sort` AS `sort`,`sys_authority_menus`.`sys_authority_authority_id` AS `authority_id`,`sys_authority_menus`.`sys_base_menu_id` AS `menu_id`,`sys_base_menus`.`keep_alive` AS `keep_alive`,`sys_base_menus`.`default_menu` AS `default_menu` from (`sys_authority_menus` join `sys_base_menus` on((`sys_authority_menus`.`sys_base_menu_id` = `sys_base_menus`.`id`)));

/*!40101 SET SQL_MODE=IFNULL(@OLD_SQL_MODE, '') */;
/*!40014 SET FOREIGN_KEY_CHECKS=IF(@OLD_FOREIGN_KEY_CHECKS IS NULL, 1, @OLD_FOREIGN_KEY_CHECKS) */;
/*!40101 SET CHARACTER_SET_CLIENT=@OLD_CHARACTER_SET_CLIENT */;
